"Repo","Abbreviation","WorkshopId","EventKey","SteamNewestOrdinal","SteamRawDisplayedTime","SteamNormalizedFetchedTime","SteamVersionText","EventAutoClassification","GitOrdinal","GitCommitSha","GitSubject","GitDescriptorVersion","GitDescriptorWorkshopId","GitClassification","GitCandidateScore","GitIsEventTopCandidate","GitIsEventUniqueTopCandidate","CurrentHeadEvidence","SkymodsRevisionKey","SkymodsNewestOrdinal","SkymodsRawDisplayedTime","SkymodsNormalizedUtcTime","SkymodsDownloadUrl","ObservedOffsetHours","TemporalPairStatus","ArchiveCandidateGitCommitCount","GitCandidateArchiveRevisionCount","VerificationPriority","PriorityReason"
"Community-Flavor-Pack","CFP","2220098919","2220098919|3","3","12 Nov, 2025 @ 12:36pm","2025-11-12 12:36","Version 3.3.4","AMBIGUOUS","2","115aefd26240f208fe4a9ce7ab3c867ca1e6a8ea","First","3.3.4","2220098919","NORMAL","95","True","True","False","2220098919|3","3","12 Nov, 2025 at 20:36 UTC","2025-11-12 20:36","https://modsbase.com/61q8e7dy4df3/2220098919_Community_Flavor_Pack.zip.html","8","BIDIRECTIONAL_UNIQUE","1","1","P0_AMBIGUOUS","steam-git-event-ambiguity"
"Community-Flavor-Pack","CFP","2220098919","2220098919|2","2","27 Jan @ 1:24pm","2026-01-27 13:24","Version 3.3.5","STRONG_CANDIDATE","3","afa8f4eb4da627fe9d1c9ef60ff58ee3e6fed62d","2026.01.28","3.3.5","2220098919","NORMAL","225","True","True","False","2220098919|2","2","27 Jan at 21:24 UTC","2026-01-27 21:24","https://modsbase.com/t314z6qwhs5y/2220098919_Community_Flavor_Pack.zip.html","8","BIDIRECTIONAL_UNIQUE","1","1","P2_STRONG_GIT_CANDIDATE","strong-git-candidate"
"Culture-and-Faith-Granularity","CFG","3206891770","3206891770|13","13","9 Oct, 2024 @ 11:28am","2024-10-09 11:28","1.4.0","AMBIGUOUS","2","3b866d6489ab4552cf501aebce5f7836c90c45a5","1.4.0","1.4.0","3422074499","EXTERNAL_DESCRIPTOR_MISMATCH","65","True","True","False","3206891770|11","11","9 Oct, 2024 at 18:28 UTC","2024-10-09 18:28","https://modsbase.com/1gafdql4u6rd/3206891770__Kei__Culture_and_Faith_Granularity_-_1.4.0___40_CK_1.13.___41_.zip.html","7","BIDIRECTIONAL_UNIQUE","1","1","P0_AMBIGUOUS","steam-git-event-ambiguity"
"Culture-and-Faith-Granularity","CFG","3206891770","3206891770|3","3","14 Nov, 2025 @ 11:43am","2025-11-14 11:43","2.3.0","AMBIGUOUS","3","2e2602f56ee08890cc915690989b121c299ca8d0","2.3.0","2.3.0 - CK 1.18","3206891770","NORMAL","95","True","True","False","3206891770|2","2","14 Nov, 2025 at 19:43 UTC","2025-11-14 19:43","https://modsbase.com/27ckb5ypg3ls/3206891770__Kei__Culture_and_Faith_Granularity.zip.html","8","BIDIRECTIONAL_UNIQUE","1","1","P0_AMBIGUOUS","steam-git-event-ambiguity"
"Culture-Expanded","CE","2829397295","2829397295|4","4","26 Apr @ 11:08am","2026-04-26 11:08","","CANDIDATE","4","dd4267956356f7e84f8e6bd84bea17c8ec45ee20","2026.04.21","1.0","2829397295","NORMAL","35","False","False","False","2829397295|3","3","26 Apr at 18:08 UTC","2026-04-26 18:08","https://modsbase.com/uw211c5pdxon/2829397295_Culture_Expanded.zip.html","7","BIDIRECTIONAL_UNIQUE","2","1","P0_AMBIGUOUS","archive-candidate-for-multiple-git-commits; git-candidate-not-unique-top"
"Culture-Expanded","CE","2829397295","2829397295|4","4","26 Apr @ 11:08am","2026-04-26 11:08","","CANDIDATE","5","8a0cffb5c6f82b7addeb8e91e25799b95d3689ae","2026.04.26","1.0","2829397295","NORMAL","165","True","True","False","2829397295|3","3","26 Apr at 18:08 UTC","2026-04-26 18:08","https://modsbase.com/uw211c5pdxon/2829397295_Culture_Expanded.zip.html","7","BIDIRECTIONAL_UNIQUE","2","1","P0_AMBIGUOUS","archive-candidate-for-multiple-git-commits"
"Culture-Expanded","CE","2829397295","2829397295|2","2","9 May @ 10:30pm","2026-05-09 22:30","","AMBIGUOUS","6","0804f6a73ecb93a2bfc8b048ae2730c242388a92","2026.05.10","1.0","2829397295","NORMAL","135","True","True","False","2829397295|2","2","10 May at 05:30 UTC","2026-05-10 05:30","https://modsbase.com/fq40mr4kpv24/2829397295_Culture_Expanded.zip.html","7","BIDIRECTIONAL_UNIQUE","1","1","P0_AMBIGUOUS","steam-git-event-ambiguity"
"Culture-Expanded","CE","2829397295","2829397295|7","7","12 Feb @ 6:55pm","2026-02-12 18:55","","CANDIDATE","2","5db0c9ce064448e50984a8c113d3dea1d5a17c45","2026.02.13","1.0","2829397295","NORMAL","135","True","True","False","2829397295|5","5","13 Feb at 02:55 UTC","2026-02-13 02:55","https://modsbase.com/cqwhfi002w8a/2829397295_Culture_Expanded.zip.html","8","BIDIRECTIONAL_UNIQUE","1","1","P1_VERIFY_GIT_CANDIDATE","git-candidate-needs-content-verification"
"Culture-Expanded","CE","2829397295","2829397295|6","6","18 Mar @ 7:50pm","2026-03-18 19:50","","CANDIDATE","3","9cf590790a7e257689388e0a8d06335e3fdaf4f5","2026.03.19","1.0","2829397295","NORMAL","135","True","True","False","2829397295|4","4","19 Mar at 02:50 UTC","2026-03-19 02:50","https://modsbase.com/qwu0h753b2w2/2829397295_Culture_Expanded.zip.html","7","BIDIRECTIONAL_UNIQUE","1","1","P1_VERIFY_GIT_CANDIDATE","git-candidate-needs-content-verification"
"Culture-Expanded","CE","2829397295","2829397295|1","1","25 May @ 8:54am","2026-05-25 08:54","","CURRENT_HEAD_EVIDENCE","7","07b7ca5ee4f0481ea9107d0299a90a396d2d78e8","2026.05.25","1.0","2829397295","NORMAL","565","True","True","True","2829397295|1","1","25 May at 15:54 UTC","2026-05-25 15:54","https://modsbase.com/r8tz6jvppldn/2829397295_Culture_Expanded.zip.html","7","BIDIRECTIONAL_UNIQUE","1","1","P3_CURRENT_HEAD_OPTIONAL","current-head-evidence"
"EPE-CFP","EPE-CFP","2996881191","2996881191|12","12","12 Nov, 2025 @ 5:52am","2025-11-12 05:52","","CANDIDATE","2","821c8f1f68c5aa8245e3653bff2d275e2a43fd3f","2025.11.13","4.5.0","2996881191","NORMAL","135","True","True","False","2996881191|9","9","12 Nov, 2025 at 13:52 UTC","2025-11-12 13:52","https://modsbase.com/rfsfv9wuf2ep/2996881191_CFP___EPE_Compatibility_Patch.zip.html","8","BIDIRECTIONAL_UNIQUE","2","2","P0_AMBIGUOUS","archive-candidate-for-multiple-git-commits; git-commit-has-multiple-archive-candidates"
"EPE-CFP","EPE-CFP","2996881191","2996881191|9","9","18 Nov, 2025 @ 11:39am","2025-11-18 11:39","","CANDIDATE","2","821c8f1f68c5aa8245e3653bff2d275e2a43fd3f","2025.11.13","4.5.0","2996881191","NORMAL","35","False","False","False","2996881191|8","8","18 Nov, 2025 at 19:39 UTC","2025-11-18 19:39","https://modsbase.com/p20p4s4qq5uq/2996881191_CFP___EPE_Compatibility_Patch.zip.html","8","BIDIRECTIONAL_UNIQUE","2","2","P0_AMBIGUOUS","archive-candidate-for-multiple-git-commits; git-commit-has-multiple-archive-candidates; git-candidate-not-unique-top"
"EPE-CFP","EPE-CFP","2996881191","2996881191|12","12","12 Nov, 2025 @ 5:52am","2025-11-12 05:52","","CANDIDATE","3","4ce6ce712925f0b928664bfbda395ca2b98fda0d","2025.11.19","4.5.3","2996881191","NORMAL","35","False","False","False","2996881191|9","9","12 Nov, 2025 at 13:52 UTC","2025-11-12 13:52","https://modsbase.com/rfsfv9wuf2ep/2996881191_CFP___EPE_Compatibility_Patch.zip.html","8","BIDIRECTIONAL_UNIQUE","2","2","P0_AMBIGUOUS","archive-candidate-for-multiple-git-commits; git-commit-has-multiple-archive-candidates; git-candidate-not-unique-top"
"EPE-CFP","EPE-CFP","2996881191","2996881191|9","9","18 Nov, 2025 @ 11:39am","2025-11-18 11:39","","CANDIDATE","3","4ce6ce712925f0b928664bfbda395ca2b98fda0d","2025.11.19","4.5.3","2996881191","NORMAL","135","True","True","False","2996881191|8","8","18 Nov, 2025 at 19:39 UTC","2025-11-18 19:39","https://modsbase.com/p20p4s4qq5uq/2996881191_CFP___EPE_Compatibility_Patch.zip.html","8","BIDIRECTIONAL_UNIQUE","2","2","P0_AMBIGUOUS","archive-candidate-for-multiple-git-commits; git-commit-has-multiple-archive-candidates"
"EPE-CFP","EPE-CFP","2996881191","2996881191|8","8","14 Dec, 2025 @ 1:13pm","2025-12-14 13:13","","AMBIGUOUS","4","25284d7351b6cdc292cdccb3ceed15ef5336622f","2025.12.15","4.7.1","2996881191","NORMAL","135","True","True","False","2996881191|7","7","14 Dec, 2025 at 21:13 UTC","2025-12-14 21:13","https://modsbase.com/3e7d5b19qcjg/2996881191_CFP___EPE_Compatibility_Patch.zip.html","8","BIDIRECTIONAL_UNIQUE","1","2","P0_AMBIGUOUS","git-commit-has-multiple-archive-candidates; steam-git-event-ambiguity"
"EPE-CFP","EPE-CFP","2996881191","2996881191|7","7","15 Dec, 2025 @ 4:53am","2025-12-15 04:53","","STRONG_CANDIDATE","4","25284d7351b6cdc292cdccb3ceed15ef5336622f","2025.12.15","4.7.1","2996881191","NORMAL","175","True","True","False","2996881191|6","6","15 Dec, 2025 at 12:53 UTC","2025-12-15 12:53","https://modsbase.com/uuzk6p3u464b/2996881191_CFP___EPE_Compatibility_Patch.zip.html","8","BIDIRECTIONAL_UNIQUE","1","2","P0_AMBIGUOUS","git-commit-has-multiple-archive-candidates"
"EPE-CFP","EPE-CFP","2996881191","2996881191|3","3","28 Apr @ 5:48am","2026-04-28 05:48","","STRONG_CANDIDATE","7","ec21513d682e85426658aaf24cf68ccdd884adb9","2026.04.27","5.1.0","2996881191","NORMAL","135","False","False","False","2996881191|3","3","28 Apr at 12:48 UTC","2026-04-28 12:48","https://modsbase.com/rjwvsg632vic/2996881191_CFP___EPE_Compatibility_Patch.zip.html","7","BIDIRECTIONAL_UNIQUE","2","1","P0_AMBIGUOUS","archive-candidate-for-multiple-git-commits; git-candidate-not-unique-top"
"EPE-CFP","EPE-CFP","2996881191","2996881191|3","3","28 Apr @ 5:48am","2026-04-28 05:48","","STRONG_CANDIDATE","8","dbebe469551c494e9481693a5ef74dcc847c77b7","2026.04.28","5.1.1","2996881191","NORMAL","175","True","True","False","2996881191|3","3","28 Apr at 12:48 UTC","2026-04-28 12:48","https://modsbase.com/rjwvsg632vic/2996881191_CFP___EPE_Compatibility_Patch.zip.html","7","BIDIRECTIONAL_UNIQUE","2","1","P0_AMBIGUOUS","archive-candidate-for-multiple-git-commits"
"EPE-CFP","EPE-CFP","2996881191","2996881191|5","5","20 Mar @ 1:18pm","2026-03-20 13:18","1.18.4","CANDIDATE","6","3f7bbef8e71f4cbc0483ada19c89d5bee9ec9906","2026.03.21","5.0.0","2996881191","NORMAL","125","True","True","False","2996881191|4","4","20 Mar at 20:18 UTC","2026-03-20 20:18","https://modsbase.com/nuqyp7o0a64m/2996881191_CFP___EPE_Compatibility_Patch.zip.html","7","BIDIRECTIONAL_UNIQUE","1","1","P1_VERIFY_GIT_CANDIDATE","git-candidate-needs-content-verification"
"EPE-CFP","EPE-CFP","2996881191","2996881191|6","6","5 Feb @ 4:16am","2026-02-05 04:16","","STRONG_CANDIDATE","5","9ff2bd53b1bec5e0cd1b8d0816f7d750fef566d3","2026.02.05","4.8.0","2996881191","NORMAL","175","True","True","False","2996881191|5","5","5 Feb at 12:16 UTC","2026-02-05 12:16","https://modsbase.com/ryfggtogq2zr/2996881191_CFP___EPE_Compatibility_Patch.zip.html","8","BIDIRECTIONAL_UNIQUE","1","1","P2_STRONG_GIT_CANDIDATE","strong-git-candidate"
"EPE-CFP","EPE-CFP","2996881191","2996881191|2","2","11 May @ 4:49am","2026-05-11 04:49","","STRONG_CANDIDATE","9","54cc9c5830ad485c79bacc5ec5c31416ba30ae1f","2026.05.11","5.2.0","2996881191","NORMAL","175","True","True","False","2996881191|2","2","11 May at 11:49 UTC","2026-05-11 11:49","https://modsbase.com/62dagy93pu44/2996881191_CFP___EPE_Compatibility_Patch.zip.html","7","BIDIRECTIONAL_UNIQUE","1","1","P2_STRONG_GIT_CANDIDATE","strong-git-candidate"
"EPE-CFP","EPE-CFP","2996881191","2996881191|1","1","7 Jun @ 12:39pm","2026-06-07 12:39","","CURRENT_HEAD_EVIDENCE","10","63d844200f7adf6fb57df1b37cb99d89d6ca8ced","2026.06.07","5.2.0","2996881191","NORMAL","565","True","True","True","2996881191|1","1","7 Jun at 19:39 UTC","2026-06-07 19:39","https://modsbase.com/cvmyh1ediqzu/2996881191_CFP___EPE_Compatibility_Patch.zip.html","7","BIDIRECTIONAL_UNIQUE","1","1","P3_CURRENT_HEAD_OPTIONAL","current-head-evidence"
"Ethnicities-and-Portraits-Expanded","EPE","2507209632","2507209632|15","15","10 Nov, 2025 @ 2:47pm","2025-11-10 14:47","","AMBIGUOUS","2","b36c5a961967d25e197c816b18a6aaf7eaa0428c","2025.11.13","1.0","2507209632","NORMAL","60","True","True","False","2507209632|9","9","10 Nov, 2025 at 22:47 UTC","2025-11-10 22:47","https://modsbase.com/aq5b2ud03roj/2507209632_Ethnicities___Portraits_Expanded.zip.html","8","BIDIRECTIONAL_UNIQUE","1","2","P0_AMBIGUOUS","git-commit-has-multiple-archive-candidates; steam-git-event-ambiguity"
"Ethnicities-and-Portraits-Expanded","EPE","2507209632","2507209632|12","12","17 Nov, 2025 @ 7:25pm","2025-11-17 19:25","","AMBIGUOUS","2","b36c5a961967d25e197c816b18a6aaf7eaa0428c","2025.11.13","1.0","2507209632","NORMAL","35","False","False","False","2507209632|8","8","18 Nov, 2025 at 03:25 UTC","2025-11-18 03:25","https://modsbase.com/m7fo2c6yy6gu/2507209632_Ethnicities___Portraits_Expanded.zip.html","8","BIDIRECTIONAL_UNIQUE","2","2","P0_AMBIGUOUS","archive-candidate-for-multiple-git-commits; git-commit-has-multiple-archive-candidates; steam-git-event-ambiguity; git-candidate-not-unique-top"
"Ethnicities-and-Portraits-Expanded","EPE","2507209632","2507209632|12","12","17 Nov, 2025 @ 7:25pm","2025-11-17 19:25","","AMBIGUOUS","3","541b16c138e3574ce547b5a4a43ef3cfdf215854","2025.11.19","","","DESCRIPTOR_ID_MISSING","90","True","True","False","2507209632|8","8","18 Nov, 2025 at 03:25 UTC","2025-11-18 03:25","https://modsbase.com/m7fo2c6yy6gu/2507209632_Ethnicities___Portraits_Expanded.zip.html","8","BIDIRECTIONAL_UNIQUE","2","1","P0_AMBIGUOUS","archive-candidate-for-multiple-git-commits; steam-git-event-ambiguity"
"Ethnicities-and-Portraits-Expanded","EPE","2507209632","2507209632|10","10","14 Dec, 2025 @ 6:59pm","2025-12-14 18:59","","CANDIDATE","4","6da86181eb50d0403af87630acec947f1742ebdb","2025.12.09","1.0","2507209632","NORMAL","35","False","False","False","2507209632|7","7","15 Dec, 2025 at 02:59 UTC","2025-12-15 02:59","https://modsbase.com/olcppu8hsmb9/2507209632_Ethnicities___Portraits_Expanded.zip.html","8","BIDIRECTIONAL_UNIQUE","3","1","P0_AMBIGUOUS","archive-candidate-for-multiple-git-commits; git-candidate-not-unique-top"
"Ethnicities-and-Portraits-Expanded","EPE","2507209632","2507209632|10","10","14 Dec, 2025 @ 6:59pm","2025-12-14 18:59","","CANDIDATE","5","f80b05bd4c1d6488d1f1bdefa6839f9bdb003813","2025.10.14","1.0","2507209632","NORMAL","35","False","False","False","2507209632|7","7","15 Dec, 2025 at 02:59 UTC","2025-12-15 02:59","https://modsbase.com/olcppu8hsmb9/2507209632_Ethnicities___Portraits_Expanded.zip.html","8","BIDIRECTIONAL_UNIQUE","3","1","P0_AMBIGUOUS","archive-candidate-for-multiple-git-commits; git-candidate-not-unique-top"
"Ethnicities-and-Portraits-Expanded","EPE","2507209632","2507209632|10","10","14 Dec, 2025 @ 6:59pm","2025-12-14 18:59","","CANDIDATE","6","bea606d31f179e2f4e6552ab88b613bbe6bf4619","2025.12.15","1.0","2507209632","NORMAL","135","True","True","False","2507209632|7","7","15 Dec, 2025 at 02:59 UTC","2025-12-15 02:59","https://modsbase.com/olcppu8hsmb9/2507209632_Ethnicities___Portraits_Expanded.zip.html","8","BIDIRECTIONAL_UNIQUE","3","1","P0_AMBIGUOUS","archive-candidate-for-multiple-git-commits"
"Ethnicities-and-Portraits-Expanded","EPE","2507209632","2507209632|7","7","18 Mar @ 7:48pm","2026-03-18 19:48","","AMBIGUOUS","9","e22986746fdb4b6cca0724d22e5a4089c1ada711","2026.03.19","","","DESCRIPTOR_ID_MISSING","130","False","False","False","2507209632|4","4","19 Mar at 02:48 UTC","2026-03-19 02:48","https://modsbase.com/tg2th2hrvxch/2507209632_Ethnicities___Portraits_Expanded.zip.html","7","BIDIRECTIONAL_UNIQUE","3","1","P0_AMBIGUOUS","archive-candidate-for-multiple-git-commits; steam-git-event-ambiguity; git-candidate-not-unique-top"
"Ethnicities-and-Portraits-Expanded","EPE","2507209632","2507209632|7","7","18 Mar @ 7:48pm","2026-03-18 19:48","","AMBIGUOUS","10","0a56c30b2fc9fbf7feac6efb2dbf0c13a790c1eb","2026.03.19 Fix 1","1.0","2507209632","NORMAL","135","True","False","False","2507209632|4","4","19 Mar at 02:48 UTC","2026-03-19 02:48","https://modsbase.com/tg2th2hrvxch/2507209632_Ethnicities___Portraits_Expanded.zip.html","7","BIDIRECTIONAL_UNIQUE","3","1","P0_AMBIGUOUS","archive-candidate-for-multiple-git-commits; steam-git-event-ambiguity; git-candidate-not-unique-top"
"Ethnicities-and-Portraits-Expanded","EPE","2507209632","2507209632|7","7","18 Mar @ 7:48pm","2026-03-18 19:48","","AMBIGUOUS","11","01623125ad685892e015bde075febb957368e178","2026.03.19 Fix 2","1.0","2507209632","NORMAL","135","True","False","False","2507209632|4","4","19 Mar at 02:48 UTC","2026-03-19 02:48","https://modsbase.com/tg2th2hrvxch/2507209632_Ethnicities___Portraits_Expanded.zip.html","7","BIDIRECTIONAL_UNIQUE","3","1","P0_AMBIGUOUS","archive-candidate-for-multiple-git-commits; steam-git-event-ambiguity; git-candidate-not-unique-top"
"Ethnicities-and-Portraits-Expanded","EPE","2507209632","2507209632|3","3","27 Apr @ 9:05pm","2026-04-27 21:05","","AMBIGUOUS","12","acca03321fce1ea242cdacba66f3d2c97a622d06","2026.04.21","1.0","2507209632","NORMAL","35","False","False","False","2507209632|3","3","28 Apr at 04:05 UTC","2026-04-28 04:05","https://modsbase.com/1hm9i1lbdwhu/2507209632_Ethnicities___Portraits_Expanded.zip.html","7","BIDIRECTIONAL_UNIQUE","3","1","P0_AMBIGUOUS","archive-candidate-for-multiple-git-commits; steam-git-event-ambiguity; git-candidate-not-unique-top"
"Ethnicities-and-Portraits-Expanded","EPE","2507209632","2507209632|3","3","27 Apr @ 9:05pm","2026-04-27 21:05","","AMBIGUOUS","13","d18bd456a64d6b756bc5c51a22a5f4b931dea401","2026.04.26","1.0","2507209632","NORMAL","145","True","True","False","2507209632|3","3","28 Apr at 04:05 UTC","2026-04-28 04:05","https://modsbase.com/1hm9i1lbdwhu/2507209632_Ethnicities___Portraits_Expanded.zip.html","7","BIDIRECTIONAL_UNIQUE","3","1","P0_AMBIGUOUS","archive-candidate-for-multiple-git-commits; steam-git-event-ambiguity"
"Ethnicities-and-Portraits-Expanded","EPE","2507209632","2507209632|3","3","27 Apr @ 9:05pm","2026-04-27 21:05","","AMBIGUOUS","14","89af2c6f05c3e771a5d540012639759e8bdbb804","2026.04.28","1.0","2507209632","NORMAL","135","False","False","False","2507209632|3","3","28 Apr at 04:05 UTC","2026-04-28 04:05","https://modsbase.com/1hm9i1lbdwhu/2507209632_Ethnicities___Portraits_Expanded.zip.html","7","BIDIRECTIONAL_UNIQUE","3","1","P0_AMBIGUOUS","archive-candidate-for-multiple-git-commits; steam-git-event-ambiguity; git-candidate-not-unique-top"
"Ethnicities-and-Portraits-Expanded","EPE","2507209632","2507209632|9","9","19 Jan @ 9:51pm","2026-01-19 21:51","","CANDIDATE","7","1813c7f41d030378fccac0f1324bdfefb30cc76b","2026.01.20","1.0","2507209632","NORMAL","135","True","True","False","2507209632|6","6","20 Jan at 05:51 UTC","2026-01-20 05:51","https://modsbase.com/vhwortwsfo4q/2507209632_Ethnicities___Portraits_Expanded.zip.html","8","BIDIRECTIONAL_UNIQUE","1","1","P1_VERIFY_GIT_CANDIDATE","git-candidate-needs-content-verification"
"Ethnicities-and-Portraits-Expanded","EPE","2507209632","2507209632|8","8","3 Feb @ 5:01pm","2026-02-03 17:01","","CANDIDATE","8","fa84cac63da28d1638da6654995cbf9591d43878","2026.02.04","1.0","2507209632","NORMAL","135","True","True","False","2507209632|5","5","4 Feb at 01:01 UTC","2026-02-04 01:01","https://modsbase.com/fqqqycmy0x1n/2507209632_Ethnicities___Portraits_Expanded.zip.html","8","BIDIRECTIONAL_UNIQUE","1","1","P1_VERIFY_GIT_CANDIDATE","git-candidate-needs-content-verification"
"Ethnicities-and-Portraits-Expanded","EPE","2507209632","2507209632|2","2","9 May @ 1:40pm","2026-05-09 13:40","","CANDIDATE","15","c4f0f4855d23fa3c3987825aaf47d921df27bcce","2026.05.09","1.0","2507209632","NORMAL","165","True","True","False","2507209632|2","2","9 May at 20:40 UTC","2026-05-09 20:40","https://modsbase.com/i8d7c1yh35jb/2507209632_Ethnicities___Portraits_Expanded.zip.html","7","BIDIRECTIONAL_UNIQUE","1","1","P1_VERIFY_GIT_CANDIDATE","git-candidate-needs-content-verification"
"Ethnicities-and-Portraits-Expanded","EPE","2507209632","2507209632|1","1","25 May @ 8:54am","2026-05-25 08:54","","CURRENT_HEAD_EVIDENCE","16","3bd4f6406b7068dddf48e28d2fc4b79b0329ebd1","2026.05.25","1.0","2507209632","NORMAL","565","True","True","True","2507209632|1","1","25 May at 15:54 UTC","2026-05-25 15:54","https://modsbase.com/ihs53sddddoj/2507209632_Ethnicities___Portraits_Expanded.zip.html","7","BIDIRECTIONAL_UNIQUE","1","1","P3_CURRENT_HEAD_OPTIONAL","current-head-evidence"
"MBP-EPE-CFP","MBP-EPE-CFP","2543865921","2543865921|5","5","12 Mar @ 9:46pm","2026-03-12 21:46","","AMBIGUOUS","4","c86a00c074ec2900035bcd8cca81c850b38d6a3c","2026.03.13","1.0","2543865921","NORMAL","135","True","True","False","2543865921|3","3","13 Mar at 04:46 UTC","2026-03-13 04:46","https://modsbase.com/8cvmt9250w77/2543865921_MB___EPE_CFP.zip.html","7","BIDIRECTIONAL_UNIQUE","1","1","P0_AMBIGUOUS","steam-git-event-ambiguity"
"MBP-EPE-CFP","MBP-EPE-CFP","2543865921","2543865921|7","7","26 Feb @ 3:29pm","2026-02-26 15:29","","CANDIDATE","3","8465d11333287e282920c262db343a33fd7dd177","2026.02.27","1.0","2543865921","NORMAL","135","True","True","False","2543865921|4","4","26 Feb at 23:29 UTC","2026-02-26 23:29","https://modsbase.com/8oanz0j72j81/2543865921_MB___EPE_CFP.zip.html","8","BIDIRECTIONAL_UNIQUE","1","1","P1_VERIFY_GIT_CANDIDATE","git-candidate-needs-content-verification"
"MPE","MPE","3726274827","3726274827|7","7","17 May @ 2:34am","2026-05-17 02:34","","AMBIGUOUS","1","bda26e2f7f05946fad97191229afe72c6d9a3f9e","2026.05.16","0.01","3726274827","NORMAL","135","True","False","False","3726274827|5","5","17 May at 09:34 UTC","2026-05-17 09:34","https://modsbase.com/fikx718bjfc3/3726274827_MPE_for_AUH_-beta.zip.html","7","BIDIRECTIONAL_UNIQUE","3","2","P0_AMBIGUOUS","archive-candidate-for-multiple-git-commits; git-commit-has-multiple-archive-candidates; steam-git-event-ambiguity; git-candidate-not-unique-top"
"MPE","MPE","3726274827","3726274827|5","5","20 May @ 10:40pm","2026-05-20 22:40","","CANDIDATE","1","bda26e2f7f05946fad97191229afe72c6d9a3f9e","2026.05.16","0.01","3726274827","NORMAL","35","False","False","False","3726274827|4","4","21 May at 05:40 UTC","2026-05-21 05:40","https://modsbase.com/ktxf2lhbk3wd/3726274827_MPE_for_AUH_-beta.zip.html","7","BIDIRECTIONAL_UNIQUE","3","2","P0_AMBIGUOUS","archive-candidate-for-multiple-git-commits; git-commit-has-multiple-archive-candidates; git-candidate-not-unique-top"
"MPE","MPE","3726274827","3726274827|5","5","20 May @ 10:40pm","2026-05-20 22:40","","CANDIDATE","2","c88f6de5838518fb3721392953db7bf1e47afc59","2026.05.18","0.01","3726274827","NORMAL","95","False","False","False","3726274827|4","4","21 May at 05:40 UTC","2026-05-21 05:40","https://modsbase.com/ktxf2lhbk3wd/3726274827_MPE_for_AUH_-beta.zip.html","7","BIDIRECTIONAL_UNIQUE","3","2","P0_AMBIGUOUS","archive-candidate-for-multiple-git-commits; git-commit-has-multiple-archive-candidates; git-candidate-not-unique-top"
"MPE","MPE","3726274827","3726274827|7","7","17 May @ 2:34am","2026-05-17 02:34","","AMBIGUOUS","2","c88f6de5838518fb3721392953db7bf1e47afc59","2026.05.18","0.01","3726274827","NORMAL","135","True","False","False","3726274827|5","5","17 May at 09:34 UTC","2026-05-17 09:34","https://modsbase.com/fikx718bjfc3/3726274827_MPE_for_AUH_-beta.zip.html","7","BIDIRECTIONAL_UNIQUE","3","2","P0_AMBIGUOUS","archive-candidate-for-multiple-git-commits; git-commit-has-multiple-archive-candidates; steam-git-event-ambiguity; git-candidate-not-unique-top"
"MPE","MPE","3726274827","3726274827|7","7","17 May @ 2:34am","2026-05-17 02:34","","AMBIGUOUS","3","2b645ef19806ff0fc1030944bba5f607da2e25d8","2026.05.21","0.01","3726274827","NORMAL","35","False","False","False","3726274827|5","5","17 May at 09:34 UTC","2026-05-17 09:34","https://modsbase.com/fikx718bjfc3/3726274827_MPE_for_AUH_-beta.zip.html","7","BIDIRECTIONAL_UNIQUE","3","2","P0_AMBIGUOUS","archive-candidate-for-multiple-git-commits; git-commit-has-multiple-archive-candidates; steam-git-event-ambiguity; git-candidate-not-unique-top"
"MPE","MPE","3726274827","3726274827|5","5","20 May @ 10:40pm","2026-05-20 22:40","","CANDIDATE","3","2b645ef19806ff0fc1030944bba5f607da2e25d8","2026.05.21","0.01","3726274827","NORMAL","135","True","True","False","3726274827|4","4","21 May at 05:40 UTC","2026-05-21 05:40","https://modsbase.com/ktxf2lhbk3wd/3726274827_MPE_for_AUH_-beta.zip.html","7","BIDIRECTIONAL_UNIQUE","3","2","P0_AMBIGUOUS","archive-candidate-for-multiple-git-commits; git-commit-has-multiple-archive-candidates"
"MPE","MPE","3726274827","3726274827|2","2","10 Jul @ 12:39am","2026-07-10 00:39","","AMBIGUOUS","5","3273a06395ca26775180f80c19adcba89fbe4fe3","2026.07.10","0.01","3726274827","NORMAL","175","True","True","False","3726274827|2","2","10 Jul at 07:39 UTC","2026-07-10 07:39","https://modsbase.com/ozqvpzck2zeq/3726274827_MPE_for_AUH_-beta.zip.html","7","BIDIRECTIONAL_UNIQUE","1","1","P0_AMBIGUOUS","steam-git-event-ambiguity"
"MPE","MPE","3726274827","3726274827|4","4","18 Jun @ 4:31am","2026-06-18 04:31","","CANDIDATE","4","19b72a1ccc1c9b4b5aed39b07175cd07cf8c9fe5","2026.06.18","0.01","3726274827","NORMAL","155","True","True","False","3726274827|3","3","18 Jun at 11:31 UTC","2026-06-18 11:31","https://modsbase.com/46xvo373hdac/3726274827_MPE_for_AUH_-beta.zip.html","7","BIDIRECTIONAL_UNIQUE","1","1","P1_VERIFY_GIT_CANDIDATE","git-candidate-needs-content-verification"
"MPE","MPE","3726274827","3726274827|1","1","7 Aug @ 7:03pm","2026-08-07 19:03","","CURRENT_HEAD_EVIDENCE","6","d4aaebb1f911bb711138e8d12533cf022f2f1f75","2026.08.08","0.01","3726274827","NORMAL","535","True","True","True","3726274827|1","1","8 Aug at 02:03 UTC","2026-08-08 02:03","https://modsbase.com/58c7zulkmjc4/3726274827_MPE_for_AUH_-beta.zip.html","7","BIDIRECTIONAL_UNIQUE","1","1","P3_CURRENT_HEAD_OPTIONAL","current-head-evidence"
"RICE","RICE","2273832430","2273832430|36","36","6 Oct, 2024 @ 3:11am","2024-10-06 03:11","Version 1.3.0 Mini-Hotfix","AMBIGUOUS","2","138913511f7cc9aefa55a8c70b4546ee8509d5f6","1.17","1.3.0","2273832430","NORMAL","95","True","False","False","2273832430|29","29","6 Oct, 2024 at 10:11 UTC","2024-10-06 10:11","https://modsbase.com/zpoaedalnx3p/2273832430_Regional_Immersion_and_Cultural_Enrichment___40_RICE__41_.zip.html","7","BIDIRECTIONAL_UNIQUE","15","2","P0_AMBIGUOUS","archive-candidate-for-multiple-git-commits; git-commit-has-multiple-archive-candidates; steam-git-event-ambiguity; git-candidate-not-unique-top"
"RICE","RICE","2273832430","2273832430|13","13","9 Dec, 2025 @ 9:39pm","2025-12-09 21:39","Version 1.18.0.a Hotfix ""Scholar-Gentry""","AMBIGUOUS","2","138913511f7cc9aefa55a8c70b4546ee8509d5f6","1.17","1.3.0","2273832430","NORMAL","35","False","False","False","2273832430|11","11","10 Dec, 2025 at 05:39 UTC","2025-12-10 05:39","https://modsbase.com/cugktbuse80e/2273832430_Regional_Immersion_and_Cultural_Enrichment___40_RICE__41_.zip.html","8","BIDIRECTIONAL_UNIQUE","4","2","P0_AMBIGUOUS","archive-candidate-for-multiple-git-commits; git-commit-has-multiple-archive-candidates; steam-git-event-ambiguity; git-candidate-not-unique-top"
"RICE","RICE","2273832430","2273832430|36","36","6 Oct, 2024 @ 3:11am","2024-10-06 03:11","Version 1.3.0 Mini-Hotfix","AMBIGUOUS","3","928fd31902aae67f7ed963ea988f98ed8a9746b2","1.18","1.3.0","2273832430","NORMAL","95","True","False","False","2273832430|29","29","6 Oct, 2024 at 10:11 UTC","2024-10-06 10:11","https://modsbase.com/zpoaedalnx3p/2273832430_Regional_Immersion_and_Cultural_Enrichment___40_RICE__41_.zip.html","7","BIDIRECTIONAL_UNIQUE","15","2","P0_AMBIGUOUS","archive-candidate-for-multiple-git-commits; git-commit-has-multiple-archive-candidates; steam-git-event-ambiguity; git-candidate-not-unique-top"
"RICE","RICE","2273832430","2273832430|13","13","9 Dec, 2025 @ 9:39pm","2025-12-09 21:39","Version 1.18.0.a Hotfix ""Scholar-Gentry""","AMBIGUOUS","3","928fd31902aae67f7ed963ea988f98ed8a9746b2","1.18","1.3.0","2273832430","NORMAL","35","False","False","False","2273832430|11","11","10 Dec, 2025 at 05:39 UTC","2025-12-10 05:39","https://modsbase.com/cugktbuse80e/2273832430_Regional_Immersion_and_Cultural_Enrichment___40_RICE__41_.zip.html","8","BIDIRECTIONAL_UNIQUE","4","2","P0_AMBIGUOUS","archive-candidate-for-multiple-git-commits; git-commit-has-multiple-archive-candidates; steam-git-event-ambiguity; git-candidate-not-unique-top"
"RICE","RICE","2273832430","2273832430|11","11","17 Dec, 2025 @ 10:03pm","2025-12-17 22:03","Version 1.18.0.c Hotfix ""Scholar-Gentry""","CANDIDATE","4","e3c5eb10aeee7604aec826fc62fcbc53d64284ec","2025.12.10","1.3.0","2273832430","NORMAL","35","False","False","False","2273832430|9","9","18 Dec, 2025 at 06:03 UTC","2025-12-18 06:03","https://modsbase.com/fkuaotc0iku5/2273832430_Regional_Immersion_and_Cultural_Enrichment___40_RICE__41_.zip.html","8","BIDIRECTIONAL_UNIQUE","3","4","P0_AMBIGUOUS","archive-candidate-for-multiple-git-commits; git-commit-has-multiple-archive-candidates; git-candidate-not-unique-top"
"RICE","RICE","2273832430","2273832430|36","36","6 Oct, 2024 @ 3:11am","2024-10-06 03:11","Version 1.3.0 Mini-Hotfix","AMBIGUOUS","4","e3c5eb10aeee7604aec826fc62fcbc53d64284ec","2025.12.10","1.3.0","2273832430","NORMAL","95","True","False","False","2273832430|29","29","6 Oct, 2024 at 10:11 UTC","2024-10-06 10:11","https://modsbase.com/zpoaedalnx3p/2273832430_Regional_Immersion_and_Cultural_Enrichment___40_RICE__41_.zip.html","7","BIDIRECTIONAL_UNIQUE","15","4","P0_AMBIGUOUS","archive-candidate-for-multiple-git-commits; git-commit-has-multiple-archive-candidates; steam-git-event-ambiguity; git-candidate-not-unique-top"
"RICE","RICE","2273832430","2273832430|13","13","9 Dec, 2025 @ 9:39pm","2025-12-09 21:39","Version 1.18.0.a Hotfix ""Scholar-Gentry""","AMBIGUOUS","4","e3c5eb10aeee7604aec826fc62fcbc53d64284ec","2025.12.10","1.3.0","2273832430","NORMAL","135","True","True","False","2273832430|11","11","10 Dec, 2025 at 05:39 UTC","2025-12-10 05:39","https://modsbase.com/cugktbuse80e/2273832430_Regional_Immersion_and_Cultural_Enrichment___40_RICE__41_.zip.html","8","BIDIRECTIONAL_UNIQUE","4","4","P0_AMBIGUOUS","archive-candidate-for-multiple-git-commits; git-commit-has-multiple-archive-candidates; steam-git-event-ambiguity"
"RICE","RICE","2273832430","2273832430|12","12","13 Dec, 2025 @ 10:59pm","2025-12-13 22:59","Version 1.18.0.b Hotfix ""Scholar-Gentry""","CANDIDATE","4","e3c5eb10aeee7604aec826fc62fcbc53d64284ec","2025.12.10","1.3.0","2273832430","NORMAL","60","False","False","False","2273832430|10","10","14 Dec, 2025 at 06:59 UTC","2025-12-14 06:59","https://modsbase.com/d9u67pxcjoiy/2273832430_Regional_Immersion_and_Cultural_Enrichment___40_RICE__41_.zip.html","8","BIDIRECTIONAL_UNIQUE","3","4","P0_AMBIGUOUS","archive-candidate-for-multiple-git-commits; git-commit-has-multiple-archive-candidates; git-candidate-not-unique-top"
"RICE","RICE","2273832430","2273832430|36","36","6 Oct, 2024 @ 3:11am","2024-10-06 03:11","Version 1.3.0 Mini-Hotfix","AMBIGUOUS","5","dcb50b0af9410c380ba4da4ed5d25e9b1a0540d2","2025.12.14","1.3.0","2273832430","NORMAL","95","True","False","False","2273832430|29","29","6 Oct, 2024 at 10:11 UTC","2024-10-06 10:11","https://modsbase.com/zpoaedalnx3p/2273832430_Regional_Immersion_and_Cultural_Enrichment___40_RICE__41_.zip.html","7","BIDIRECTIONAL_UNIQUE","15","4","P0_AMBIGUOUS","archive-candidate-for-multiple-git-commits; git-commit-has-multiple-archive-candidates; steam-git-event-ambiguity; git-candidate-not-unique-top"
"RICE","RICE","2273832430","2273832430|13","13","9 Dec, 2025 @ 9:39pm","2025-12-09 21:39","Version 1.18.0.a Hotfix ""Scholar-Gentry""","AMBIGUOUS","5","dcb50b0af9410c380ba4da4ed5d25e9b1a0540d2","2025.12.14","1.3.0","2273832430","NORMAL","35","False","False","False","2273832430|11","11","10 Dec, 2025 at 05:39 UTC","2025-12-10 05:39","https://modsbase.com/cugktbuse80e/2273832430_Regional_Immersion_and_Cultural_Enrichment___40_RICE__41_.zip.html","8","BIDIRECTIONAL_UNIQUE","4","4","P0_AMBIGUOUS","archive-candidate-for-multiple-git-commits; git-commit-has-multiple-archive-candidates; steam-git-event-ambiguity; git-candidate-not-unique-top"
"RICE","RICE","2273832430","2273832430|12","12","13 Dec, 2025 @ 10:59pm","2025-12-13 22:59","Version 1.18.0.b Hotfix ""Scholar-Gentry""","CANDIDATE","5","dcb50b0af9410c380ba4da4ed5d25e9b1a0540d2","2025.12.14","1.3.0","2273832430","NORMAL","135","True","True","False","2273832430|10","10","14 Dec, 2025 at 06:59 UTC","2025-12-14 06:59","https://modsbase.com/d9u67pxcjoiy/2273832430_Regional_Immersion_and_Cultural_Enrichment___40_RICE__41_.zip.html","8","BIDIRECTIONAL_UNIQUE","3","4","P0_AMBIGUOUS","archive-candidate-for-multiple-git-commits; git-commit-has-multiple-archive-candidates"
"RICE","RICE","2273832430","2273832430|11","11","17 Dec, 2025 @ 10:03pm","2025-12-17 22:03","Version 1.18.0.c Hotfix ""Scholar-Gentry""","CANDIDATE","5","dcb50b0af9410c380ba4da4ed5d25e9b1a0540d2","2025.12.14","1.3.0","2273832430","NORMAL","60","False","False","False","2273832430|9","9","18 Dec, 2025 at 06:03 UTC","2025-12-18 06:03","https://modsbase.com/fkuaotc0iku5/2273832430_Regional_Immersion_and_Cultural_Enrichment___40_RICE__41_.zip.html","8","BIDIRECTIONAL_UNIQUE","3","4","P0_AMBIGUOUS","archive-candidate-for-multiple-git-commits; git-commit-has-multiple-archive-candidates; git-candidate-not-unique-top"
"RICE","RICE","2273832430","2273832430|11","11","17 Dec, 2025 @ 10:03pm","2025-12-17 22:03","Version 1.18.0.c Hotfix ""Scholar-Gentry""","CANDIDATE","6","3fccb9af9d3a57422f919b096eee2e1f9aca1f88","2025.12.18","1.3.0","2273832430","NORMAL","135","True","True","False","2273832430|9","9","18 Dec, 2025 at 06:03 UTC","2025-12-18 06:03","https://modsbase.com/fkuaotc0iku5/2273832430_Regional_Immersion_and_Cultural_Enrichment___40_RICE__41_.zip.html","8","BIDIRECTIONAL_UNIQUE","3","3","P0_AMBIGUOUS","archive-candidate-for-multiple-git-commits; git-commit-has-multiple-archive-candidates"
"RICE","RICE","2273832430","2273832430|12","12","13 Dec, 2025 @ 10:59pm","2025-12-13 22:59","Version 1.18.0.b Hotfix ""Scholar-Gentry""","CANDIDATE","6","3fccb9af9d3a57422f919b096eee2e1f9aca1f88","2025.12.18","1.3.0","2273832430","NORMAL","35","False","False","False","2273832430|10","10","14 Dec, 2025 at 06:59 UTC","2025-12-14 06:59","https://modsbase.com/d9u67pxcjoiy/2273832430_Regional_Immersion_and_Cultural_Enrichment___40_RICE__41_.zip.html","8","BIDIRECTIONAL_UNIQUE","3","3","P0_AMBIGUOUS","archive-candidate-for-multiple-git-commits; git-commit-has-multiple-archive-candidates; git-candidate-not-unique-top"
"RICE","RICE","2273832430","2273832430|36","36","6 Oct, 2024 @ 3:11am","2024-10-06 03:11","Version 1.3.0 Mini-Hotfix","AMBIGUOUS","6","3fccb9af9d3a57422f919b096eee2e1f9aca1f88","2025.12.18","1.3.0","2273832430","NORMAL","95","True","False","False","2273832430|29","29","6 Oct, 2024 at 10:11 UTC","2024-10-06 10:11","https://modsbase.com/zpoaedalnx3p/2273832430_Regional_Immersion_and_Cultural_Enrichment___40_RICE__41_.zip.html","7","BIDIRECTIONAL_UNIQUE","15","3","P0_AMBIGUOUS","archive-candidate-for-multiple-git-commits; git-commit-has-multiple-archive-candidates; steam-git-event-ambiguity; git-candidate-not-unique-top"
"RICE","RICE","2273832430","2273832430|10","10","2 Feb @ 12:04am","2026-02-02 00:04","Version 1.18.1 ""Saint Patrick""","STRONG_CANDIDATE","7","9e37de2ebb79670977fa6a1f7ac4c334f2b6400f","2026.02.02","1.3.0","2273832430","NORMAL","175","True","True","False","2273832430|8","8","2 Feb at 08:04 UTC","2026-02-02 08:04","https://modsbase.com/4jhv6hims2uw/2273832430_Regional_Immersion_and_Cultural_Enrichment___40_RICE__41_.zip.html","8","BIDIRECTIONAL_UNIQUE","2","4","P0_AMBIGUOUS","archive-candidate-for-multiple-git-commits; git-commit-has-multiple-archive-candidates"
"RICE","RICE","2273832430","2273832430|8","8","9 Feb @ 10:48pm","2026-02-09 22:48","Version 1.18.1.b Hotfix for ""Saint Patrick""","CANDIDATE","7","9e37de2ebb79670977fa6a1f7ac4c334f2b6400f","2026.02.02","1.3.0","2273832430","NORMAL","35","False","False","False","2273832430|6","6","10 Feb at 06:48 UTC","2026-02-10 06:48","https://modsbase.com/5pri41cwutdm/2273832430_Regional_Immersion_and_Cultural_Enrichment___40_RICE__41_.zip.html","8","BIDIRECTIONAL_UNIQUE","3","4","P0_AMBIGUOUS","archive-candidate-for-multiple-git-commits; git-commit-has-multiple-archive-candidates; git-candidate-not-unique-top"
"RICE","RICE","2273832430","2273832430|36","36","6 Oct, 2024 @ 3:11am","2024-10-06 03:11","Version 1.3.0 Mini-Hotfix","AMBIGUOUS","7","9e37de2ebb79670977fa6a1f7ac4c334f2b6400f","2026.02.02","1.3.0","2273832430","NORMAL","95","True","False","False","2273832430|29","29","6 Oct, 2024 at 10:11 UTC","2024-10-06 10:11","https://modsbase.com/zpoaedalnx3p/2273832430_Regional_Immersion_and_Cultural_Enrichment___40_RICE__41_.zip.html","7","BIDIRECTIONAL_UNIQUE","15","4","P0_AMBIGUOUS","archive-candidate-for-multiple-git-commits; git-commit-has-multiple-archive-candidates; steam-git-event-ambiguity; git-candidate-not-unique-top"
"RICE","RICE","2273832430","2273832430|9","9","7 Feb @ 1:01pm","2026-02-07 13:01","Version 1.18.1.a Hotfix for ""Saint Patrick""","AMBIGUOUS","7","9e37de2ebb79670977fa6a1f7ac4c334f2b6400f","2026.02.02","1.3.0","2273832430","NORMAL","35","False","False","False","2273832430|7","7","7 Feb at 21:01 UTC","2026-02-07 21:01","https://modsbase.com/t58kunxjf7hc/2273832430_Regional_Immersion_and_Cultural_Enrichment___40_RICE__41_.zip.html","8","BIDIRECTIONAL_UNIQUE","3","4","P0_AMBIGUOUS","archive-candidate-for-multiple-git-commits; git-commit-has-multiple-archive-candidates; steam-git-event-ambiguity; git-candidate-not-unique-top"
"RICE","RICE","2273832430","2273832430|10","10","2 Feb @ 12:04am","2026-02-02 00:04","Version 1.18.1 ""Saint Patrick""","STRONG_CANDIDATE","8","49e14a0204f299d58a4faa2d0ea74d21a1fbbcd5","2026.02.08","1.3.0","2273832430","NORMAL","35","False","False","False","2273832430|8","8","2 Feb at 08:04 UTC","2026-02-02 08:04","https://modsbase.com/4jhv6hims2uw/2273832430_Regional_Immersion_and_Cultural_Enrichment___40_RICE__41_.zip.html","8","BIDIRECTIONAL_UNIQUE","2","4","P0_AMBIGUOUS","archive-candidate-for-multiple-git-commits; git-commit-has-multiple-archive-candidates; git-candidate-not-unique-top"
"RICE","RICE","2273832430","2273832430|36","36","6 Oct, 2024 @ 3:11am","2024-10-06 03:11","Version 1.3.0 Mini-Hotfix","AMBIGUOUS","8","49e14a0204f299d58a4faa2d0ea74d21a1fbbcd5","2026.02.08","1.3.0","2273832430","NORMAL","95","True","False","False","2273832430|29","29","6 Oct, 2024 at 10:11 UTC","2024-10-06 10:11","https://modsbase.com/zpoaedalnx3p/2273832430_Regional_Immersion_and_Cultural_Enrichment___40_RICE__41_.zip.html","7","BIDIRECTIONAL_UNIQUE","15","4","P0_AMBIGUOUS","archive-candidate-for-multiple-git-commits; git-commit-has-multiple-archive-candidates; steam-git-event-ambiguity; git-candidate-not-unique-top"
"RICE","RICE","2273832430","2273832430|9","9","7 Feb @ 1:01pm","2026-02-07 13:01","Version 1.18.1.a Hotfix for ""Saint Patrick""","AMBIGUOUS","8","49e14a0204f299d58a4faa2d0ea74d21a1fbbcd5","2026.02.08","1.3.0","2273832430","NORMAL","125","True","True","False","2273832430|7","7","7 Feb at 21:01 UTC","2026-02-07 21:01","https://modsbase.com/t58kunxjf7hc/2273832430_Regional_Immersion_and_Cultural_Enrichment___40_RICE__41_.zip.html","8","BIDIRECTIONAL_UNIQUE","3","4","P0_AMBIGUOUS","archive-candidate-for-multiple-git-commits; git-commit-has-multiple-archive-candidates; steam-git-event-ambiguity"
"RICE","RICE","2273832430","2273832430|8","8","9 Feb @ 10:48pm","2026-02-09 22:48","Version 1.18.1.b Hotfix for ""Saint Patrick""","CANDIDATE","8","49e14a0204f299d58a4faa2d0ea74d21a1fbbcd5","2026.02.08","1.3.0","2273832430","NORMAL","145","True","True","False","2273832430|6","6","10 Feb at 06:48 UTC","2026-02-10 06:48","https://modsbase.com/5pri41cwutdm/2273832430_Regional_Immersion_and_Cultural_Enrichment___40_RICE__41_.zip.html","8","BIDIRECTIONAL_UNIQUE","3","4","P0_AMBIGUOUS","archive-candidate-for-multiple-git-commits; git-commit-has-multiple-archive-candidates"
"RICE","RICE","2273832430","2273832430|9","9","7 Feb @ 1:01pm","2026-02-07 13:01","Version 1.18.1.a Hotfix for ""Saint Patrick""","AMBIGUOUS","9","e2f5f564b25bd86dd6517cc40bf7442475aed41c","2026.02.10","1.3.0","2273832430","NORMAL","60","False","False","False","2273832430|7","7","7 Feb at 21:01 UTC","2026-02-07 21:01","https://modsbase.com/t58kunxjf7hc/2273832430_Regional_Immersion_and_Cultural_Enrichment___40_RICE__41_.zip.html","8","BIDIRECTIONAL_UNIQUE","3","3","P0_AMBIGUOUS","archive-candidate-for-multiple-git-commits; git-commit-has-multiple-archive-candidates; steam-git-event-ambiguity; git-candidate-not-unique-top"
"RICE","RICE","2273832430","2273832430|8","8","9 Feb @ 10:48pm","2026-02-09 22:48","Version 1.18.1.b Hotfix for ""Saint Patrick""","CANDIDATE","9","e2f5f564b25bd86dd6517cc40bf7442475aed41c","2026.02.10","1.3.0","2273832430","NORMAL","135","False","False","False","2273832430|6","6","10 Feb at 06:48 UTC","2026-02-10 06:48","https://modsbase.com/5pri41cwutdm/2273832430_Regional_Immersion_and_Cultural_Enrichment___40_RICE__41_.zip.html","8","BIDIRECTIONAL_UNIQUE","3","3","P0_AMBIGUOUS","archive-candidate-for-multiple-git-commits; git-commit-has-multiple-archive-candidates; git-candidate-not-unique-top"
"RICE","RICE","2273832430","2273832430|36","36","6 Oct, 2024 @ 3:11am","2024-10-06 03:11","Version 1.3.0 Mini-Hotfix","AMBIGUOUS","9","e2f5f564b25bd86dd6517cc40bf7442475aed41c","2026.02.10","1.3.0","2273832430","NORMAL","95","True","False","False","2273832430|29","29","6 Oct, 2024 at 10:11 UTC","2024-10-06 10:11","https://modsbase.com/zpoaedalnx3p/2273832430_Regional_Immersion_and_Cultural_Enrichment___40_RICE__41_.zip.html","7","BIDIRECTIONAL_UNIQUE","15","3","P0_AMBIGUOUS","archive-candidate-for-multiple-git-commits; git-commit-has-multiple-archive-candidates; steam-git-event-ambiguity; git-candidate-not-unique-top"
"RICE","RICE","2273832430","2273832430|36","36","6 Oct, 2024 @ 3:11am","2024-10-06 03:11","Version 1.3.0 Mini-Hotfix","AMBIGUOUS","10","857b1d0f4a5be85306d3c9bc9658f8da21a8b0d7","2026.03.28","1.3.0","2273832430","NORMAL","95","True","False","False","2273832430|29","29","6 Oct, 2024 at 10:11 UTC","2024-10-06 10:11","https://modsbase.com/zpoaedalnx3p/2273832430_Regional_Immersion_and_Cultural_Enrichment___40_RICE__41_.zip.html","7","BIDIRECTIONAL_UNIQUE","15","2","P0_AMBIGUOUS","archive-candidate-for-multiple-git-commits; git-commit-has-multiple-archive-candidates; steam-git-event-ambiguity; git-candidate-not-unique-top"
"RICE","RICE","2273832430","2273832430|7","7","28 Mar @ 11:29am","2026-03-28 11:29","","CANDIDATE","10","857b1d0f4a5be85306d3c9bc9658f8da21a8b0d7","2026.03.28","1.3.0","2273832430","NORMAL","145","True","True","False","2273832430|5","5","28 Mar at 17:29 UTC","2026-03-28 17:29","https://modsbase.com/8ik6kdbwiiv4/2273832430_Regional_Immersion_and_Cultural_Enrichment___40_RICE__41_.zip.html","6","BIDIRECTIONAL_UNIQUE","1","2","P0_AMBIGUOUS","git-commit-has-multiple-archive-candidates"
"RICE","RICE","2273832430","2273832430|5","5","2 May @ 3:53pm","2026-05-02 15:53","Version 1.19.0.a Hotfix for ""Strait of Malacca""","CANDIDATE","11","d3f0ed7d2ba5c7fe349d23e4c90bd7bfdf25b5a4","2026.04.28","1.3.0","2273832430","NORMAL","40","False","False","False","2273832430|4","4","2 May at 22:53 UTC","2026-05-02 22:53","https://modsbase.com/znh2er7kc3na/2273832430_Regional_Immersion_and_Cultural_Enrichment___40_RICE__41_.zip.html","7","BIDIRECTIONAL_UNIQUE","2","2","P0_AMBIGUOUS","archive-candidate-for-multiple-git-commits; git-commit-has-multiple-archive-candidates; git-candidate-not-unique-top"
"RICE","RICE","2273832430","2273832430|36","36","6 Oct, 2024 @ 3:11am","2024-10-06 03:11","Version 1.3.0 Mini-Hotfix","AMBIGUOUS","11","d3f0ed7d2ba5c7fe349d23e4c90bd7bfdf25b5a4","2026.04.28","1.3.0","2273832430","NORMAL","95","True","False","False","2273832430|29","29","6 Oct, 2024 at 10:11 UTC","2024-10-06 10:11","https://modsbase.com/zpoaedalnx3p/2273832430_Regional_Immersion_and_Cultural_Enrichment___40_RICE__41_.zip.html","7","BIDIRECTIONAL_UNIQUE","15","2","P0_AMBIGUOUS","archive-candidate-for-multiple-git-commits; git-commit-has-multiple-archive-candidates; steam-git-event-ambiguity; git-candidate-not-unique-top"
"RICE","RICE","2273832430","2273832430|5","5","2 May @ 3:53pm","2026-05-02 15:53","Version 1.19.0.a Hotfix for ""Strait of Malacca""","CANDIDATE","12","dd84e726f4a52dd2a25804a07605f7d0f8b147ad","2026.05.03","1.3.0","2273832430","NORMAL","135","True","True","False","2273832430|4","4","2 May at 22:53 UTC","2026-05-02 22:53","https://modsbase.com/znh2er7kc3na/2273832430_Regional_Immersion_and_Cultural_Enrichment___40_RICE__41_.zip.html","7","BIDIRECTIONAL_UNIQUE","2","2","P0_AMBIGUOUS","archive-candidate-for-multiple-git-commits; git-commit-has-multiple-archive-candidates"
"RICE","RICE","2273832430","2273832430|36","36","6 Oct, 2024 @ 3:11am","2024-10-06 03:11","Version 1.3.0 Mini-Hotfix","AMBIGUOUS","12","dd84e726f4a52dd2a25804a07605f7d0f8b147ad","2026.05.03","1.3.0","2273832430","NORMAL","95","True","False","False","2273832430|29","29","6 Oct, 2024 at 10:11 UTC","2024-10-06 10:11","https://modsbase.com/zpoaedalnx3p/2273832430_Regional_Immersion_and_Cultural_Enrichment___40_RICE__41_.zip.html","7","BIDIRECTIONAL_UNIQUE","15","2","P0_AMBIGUOUS","archive-candidate-for-multiple-git-commits; git-commit-has-multiple-archive-candidates; steam-git-event-ambiguity; git-candidate-not-unique-top"
"RICE","RICE","2273832430","2273832430|36","36","6 Oct, 2024 @ 3:11am","2024-10-06 03:11","Version 1.3.0 Mini-Hotfix","AMBIGUOUS","13","4615a5c22b57137e721bbc088bf3847b0b524045","2026.05.15","1.3.0","2273832430","NORMAL","95","True","False","False","2273832430|29","29","6 Oct, 2024 at 10:11 UTC","2024-10-06 10:11","https://modsbase.com/zpoaedalnx3p/2273832430_Regional_Immersion_and_Cultural_Enrichment___40_RICE__41_.zip.html","7","BIDIRECTIONAL_UNIQUE","15","2","P0_AMBIGUOUS","archive-candidate-for-multiple-git-commits; git-commit-has-multiple-archive-candidates; steam-git-event-ambiguity; git-candidate-not-unique-top"
"RICE","RICE","2273832430","2273832430|4","4","15 May @ 1:16pm","2026-05-15 13:16","Version 1.19.0.b Hotfix for ""Strait of Malacca""","CANDIDATE","13","4615a5c22b57137e721bbc088bf3847b0b524045","2026.05.15","1.3.0","2273832430","NORMAL","165","True","True","False","2273832430|3","3","15 May at 20:16 UTC","2026-05-15 20:16","https://modsbase.com/7a326n6huexz/2273832430_Regional_Immersion_and_Cultural_Enrichment___40_RICE__41_.zip.html","7","BIDIRECTIONAL_UNIQUE","1","2","P0_AMBIGUOUS","git-commit-has-multiple-archive-candidates"
"RICE","RICE","2273832430","2273832430|36","36","6 Oct, 2024 @ 3:11am","2024-10-06 03:11","Version 1.3.0 Mini-Hotfix","AMBIGUOUS","14","9a8ce64d80233a6e638a628b3db4bbcea64c3ebb","2026.07.10","1.3.0","2273832430","NORMAL","95","True","False","False","2273832430|29","29","6 Oct, 2024 at 10:11 UTC","2024-10-06 10:11","https://modsbase.com/zpoaedalnx3p/2273832430_Regional_Immersion_and_Cultural_Enrichment___40_RICE__41_.zip.html","7","BIDIRECTIONAL_UNIQUE","15","2","P0_AMBIGUOUS","archive-candidate-for-multiple-git-commits; git-commit-has-multiple-archive-candidates; steam-git-event-ambiguity; git-candidate-not-unique-top"
"RICE","RICE","2273832430","2273832430|3","3","10 Jul @ 11:40am","2026-07-10 11:40","Version 1.19.1 ""Pacific""","CANDIDATE","14","9a8ce64d80233a6e638a628b3db4bbcea64c3ebb","2026.07.10","1.3.0","2273832430","NORMAL","165","True","True","False","2273832430|2","2","10 Jul at 18:40 UTC","2026-07-10 18:40","https://modsbase.com/7lseipc8ntnr/2273832430_Regional_Immersion_and_Cultural_Enrichment___40_RICE__41_.zip.html","7","BIDIRECTIONAL_UNIQUE","1","2","P0_AMBIGUOUS","git-commit-has-multiple-archive-candidates"
"RICE","RICE","2273832430","2273832430|36","36","6 Oct, 2024 @ 3:11am","2024-10-06 03:11","Version 1.3.0 Mini-Hotfix","AMBIGUOUS","15","9a3484844539b6a48bad484b98d189216412077d","2026.07.26","1.3.0","2273832430","NORMAL","95","True","False","False","2273832430|29","29","6 Oct, 2024 at 10:11 UTC","2024-10-06 10:11","https://modsbase.com/zpoaedalnx3p/2273832430_Regional_Immersion_and_Cultural_Enrichment___40_RICE__41_.zip.html","7","BIDIRECTIONAL_UNIQUE","15","2","P0_AMBIGUOUS","archive-candidate-for-multiple-git-commits; git-commit-has-multiple-archive-candidates; steam-git-event-ambiguity; git-candidate-not-unique-top"
"RICE","RICE","2273832430","2273832430|2","2","26 Jul @ 12:25pm","2026-07-26 12:25","Version 1.19.2 ""Al-Andalus""","CANDIDATE","15","9a3484844539b6a48bad484b98d189216412077d","2026.07.26","1.3.0","2273832430","NORMAL","150","True","True","False","2273832430|1","1","26 Jul at 19:25 UTC","2026-07-26 19:25","https://modsbase.com/736skdu5927p/2273832430_Regional_Immersion_and_Cultural_Enrichment___40_RICE__41_.zip.html","7","BIDIRECTIONAL_UNIQUE","1","2","P0_AMBIGUOUS","git-commit-has-multiple-archive-candidates"
"RICE","RICE","2273832430","2273832430|36","36","6 Oct, 2024 @ 3:11am","2024-10-06 03:11","Version 1.3.0 Mini-Hotfix","AMBIGUOUS","16","1e4238bd030ef259bcae60147126f3cc9c950ceb","2026.08.14","1.3.0","2273832430","NORMAL","95","True","False","False","2273832430|29","29","6 Oct, 2024 at 10:11 UTC","2024-10-06 10:11","https://modsbase.com/zpoaedalnx3p/2273832430_Regional_Immersion_and_Cultural_Enrichment___40_RICE__41_.zip.html","7","BIDIRECTIONAL_UNIQUE","15","1","P0_AMBIGUOUS","archive-candidate-for-multiple-git-commits; steam-git-event-ambiguity; git-candidate-not-unique-top"
"Special-World","SW","2875587269","2875587269|60","60","17 Sep, 2025 @ 5:13pm","2025-09-17 17:13","1.17 and Medieval Arts Update","AMBIGUOUS","1","8cff9607cb4a5bbf4772156f15f62b5564764df4","First","1.0","2875587269","NORMAL","25","True","True","False","2875587269|25","25","18 Sep, 2025 at 00:13 UTC","2025-09-18 00:13","https://modsbase.com/y64oflz3gv5l/2875587269_A_Special_World_-_Special_Building_Compatch.zip.html","7","BIDIRECTIONAL_UNIQUE","1","1","P0_AMBIGUOUS","steam-git-event-ambiguity"
"Special-World","SW","2875587269","2875587269|58","58","26 Oct, 2025 @ 10:02pm","2025-10-26 22:02","","AMBIGUOUS","2","5d059d311cc276f2a49f976a2d4254280ac39f2c","2025.10.28","1.0","2875587269","NORMAL","95","True","True","False","2875587269|23","23","27 Oct, 2025 at 05:02 UTC","2025-10-27 05:02","https://modsbase.com/n95yvy2y05sz/2875587269_A_Special_World_-_Special_Building_Compatch.zip.html","7","BIDIRECTIONAL_UNIQUE","1","2","P0_AMBIGUOUS","git-commit-has-multiple-archive-candidates; steam-git-event-ambiguity"
"Special-World","SW","2875587269","2875587269|59","59","22 Oct, 2025 @ 5:58pm","2025-10-22 17:58","","AMBIGUOUS","2","5d059d311cc276f2a49f976a2d4254280ac39f2c","2025.10.28","1.0","2875587269","NORMAL","35","True","True","False","2875587269|24","24","23 Oct, 2025 at 01:58 UTC","2025-10-23 01:58","https://modsbase.com/a7kgtk43c1up/2875587269_A_Special_World_-_Special_Building_Compatch.zip.html","8","BIDIRECTIONAL_UNIQUE","1","2","P0_AMBIGUOUS","git-commit-has-multiple-archive-candidates; steam-git-event-ambiguity"
"Special-World","SW","2875587269","2875587269|52","52","6 Dec, 2025 @ 10:01pm","2025-12-06 22:01","","AMBIGUOUS","3","a2f8e19bc24921e55b1459032bf255d0a02d4507","2025.12.10","1.0","2875587269","NORMAL","35","True","True","False","2875587269|19","19","7 Dec, 2025 at 06:01 UTC","2025-12-07 06:01","https://modsbase.com/qb2f75hd4bd7/2875587269_A_Special_World_-_Special_Building_Compatch.zip.html","8","BIDIRECTIONAL_UNIQUE","1","2","P0_AMBIGUOUS","git-commit-has-multiple-archive-candidates; steam-git-event-ambiguity"
"Special-World","SW","2875587269","2875587269|51","51","10 Dec, 2025 @ 11:31am","2025-12-10 11:31","","STRONG_CANDIDATE","3","a2f8e19bc24921e55b1459032bf255d0a02d4507","2025.12.10","1.0","2875587269","NORMAL","175","True","True","False","2875587269|18","18","10 Dec, 2025 at 19:31 UTC","2025-12-10 19:31","https://modsbase.com/ur6ci7c34x16/2875587269_A_Special_World_-_Special_Building_Compatch.zip.html","8","BIDIRECTIONAL_UNIQUE","1","2","P0_AMBIGUOUS","git-commit-has-multiple-archive-candidates"
"Special-World","SW","2875587269","2875587269|50","50","23 Dec, 2025 @ 4:05pm","2025-12-23 16:05","","AMBIGUOUS","4","bd48aaacb89f48226bbaf66fad12ba33907e5c46","2025.12.25","1.0","2875587269","NORMAL","95","True","True","False","2875587269|17","17","24 Dec, 2025 at 00:05 UTC","2025-12-24 00:05","https://modsbase.com/q3kk89svgukt/2875587269_A_Special_World_-_Special_Building_Compatch.zip.html","8","BIDIRECTIONAL_UNIQUE","2","2","P0_AMBIGUOUS","archive-candidate-for-multiple-git-commits; git-commit-has-multiple-archive-candidates; steam-git-event-ambiguity"
"Special-World","SW","2875587269","2875587269|48","48","31 Dec, 2025 @ 2:43pm","2025-12-31 14:43","","AMBIGUOUS","4","bd48aaacb89f48226bbaf66fad12ba33907e5c46","2025.12.25","1.0","2875587269","NORMAL","35","False","False","False","2875587269|16","16","31 Dec, 2025 at 22:43 UTC","2025-12-31 22:43","https://modsbase.com/yz8ontr6w1fj/2875587269_A_Special_World_-_Special_Building_Compatch.zip.html","8","BIDIRECTIONAL_UNIQUE","3","2","P0_AMBIGUOUS","archive-candidate-for-multiple-git-commits; git-commit-has-multiple-archive-candidates; steam-git-event-ambiguity; git-candidate-not-unique-top"
"Special-World","SW","2875587269","2875587269|50","50","23 Dec, 2025 @ 4:05pm","2025-12-23 16:05","","AMBIGUOUS","5","281142eee5206dc821e274b9db26da1428e16fc0","2025.12.30","1.0","2875587269","NORMAL","35","False","False","False","2875587269|17","17","24 Dec, 2025 at 00:05 UTC","2025-12-24 00:05","https://modsbase.com/q3kk89svgukt/2875587269_A_Special_World_-_Special_Building_Compatch.zip.html","8","BIDIRECTIONAL_UNIQUE","2","2","P0_AMBIGUOUS","archive-candidate-for-multiple-git-commits; git-commit-has-multiple-archive-candidates; steam-git-event-ambiguity; git-candidate-not-unique-top"
"Special-World","SW","2875587269","2875587269|48","48","31 Dec, 2025 @ 2:43pm","2025-12-31 14:43","","AMBIGUOUS","5","281142eee5206dc821e274b9db26da1428e16fc0","2025.12.30","1.0","2875587269","NORMAL","135","True","False","False","2875587269|16","16","31 Dec, 2025 at 22:43 UTC","2025-12-31 22:43","https://modsbase.com/yz8ontr6w1fj/2875587269_A_Special_World_-_Special_Building_Compatch.zip.html","8","BIDIRECTIONAL_UNIQUE","3","2","P0_AMBIGUOUS","archive-candidate-for-multiple-git-commits; git-commit-has-multiple-archive-candidates; steam-git-event-ambiguity; git-candidate-not-unique-top"
"Special-World","SW","2875587269","2875587269|48","48","31 Dec, 2025 @ 2:43pm","2025-12-31 14:43","","AMBIGUOUS","6","825da8e0f5e4b60f964301e80c5665a8a8426fc2","2026.01.01","1.0","2875587269","NORMAL","135","True","False","False","2875587269|16","16","31 Dec, 2025 at 22:43 UTC","2025-12-31 22:43","https://modsbase.com/yz8ontr6w1fj/2875587269_A_Special_World_-_Special_Building_Compatch.zip.html","8","BIDIRECTIONAL_UNIQUE","3","1","P0_AMBIGUOUS","archive-candidate-for-multiple-git-commits; steam-git-event-ambiguity; git-candidate-not-unique-top"
"Special-World","SW","2875587269","2875587269|47","47","11 Jan @ 8:30pm","2026-01-11 20:30","","CANDIDATE","7","59197499171ff9f910d90d8b03407b7388b43847","2026.01.12","1.0","2875587269","NORMAL","125","True","True","False","2875587269|15","15","12 Jan at 04:30 UTC","2026-01-12 04:30","https://modsbase.com/ttmhphdlczph/2875587269_A_Special_World_-_Special_Building_Compatch.zip.html","8","BIDIRECTIONAL_UNIQUE","2","2","P0_AMBIGUOUS","archive-candidate-for-multiple-git-commits; git-commit-has-multiple-archive-candidates"
"Special-World","SW","2875587269","2875587269|46","46","14 Jan @ 3:41pm","2026-01-14 15:41","","CANDIDATE","7","59197499171ff9f910d90d8b03407b7388b43847","2026.01.12","1.0","2875587269","NORMAL","105","False","False","False","2875587269|14","14","14 Jan at 23:41 UTC","2026-01-14 23:41","https://modsbase.com/yyhbn7p0b5vz/2875587269_A_Special_World_-_Special_Building_Compatch.zip.html","8","BIDIRECTIONAL_UNIQUE","2","2","P0_AMBIGUOUS","archive-candidate-for-multiple-git-commits; git-commit-has-multiple-archive-candidates; git-candidate-not-unique-top"
"Special-World","SW","2875587269","2875587269|47","47","11 Jan @ 8:30pm","2026-01-11 20:30","","CANDIDATE","8","688be509388ead75fa299018dcdde17ba4c8f5f5","2026.01.15","1.0","2875587269","NORMAL","35","False","False","False","2875587269|15","15","12 Jan at 04:30 UTC","2026-01-12 04:30","https://modsbase.com/ttmhphdlczph/2875587269_A_Special_World_-_Special_Building_Compatch.zip.html","8","BIDIRECTIONAL_UNIQUE","2","2","P0_AMBIGUOUS","archive-candidate-for-multiple-git-commits; git-commit-has-multiple-archive-candidates; git-candidate-not-unique-top"
"Special-World","SW","2875587269","2875587269|46","46","14 Jan @ 3:41pm","2026-01-14 15:41","","CANDIDATE","8","688be509388ead75fa299018dcdde17ba4c8f5f5","2026.01.15","1.0","2875587269","NORMAL","125","True","True","False","2875587269|14","14","14 Jan at 23:41 UTC","2026-01-14 23:41","https://modsbase.com/yyhbn7p0b5vz/2875587269_A_Special_World_-_Special_Building_Compatch.zip.html","8","BIDIRECTIONAL_UNIQUE","2","2","P0_AMBIGUOUS","archive-candidate-for-multiple-git-commits; git-commit-has-multiple-archive-candidates"
"Special-World","SW","2875587269","2875587269|45","45","26 Jan @ 2:10pm","2026-01-26 14:10","","CANDIDATE","9","fc1bca8d5e65a0a82dfb0ac58e4d4858ed83afac","2026.01.27","1.0","2875587269","NORMAL","135","True","True","False","2875587269|13","13","26 Jan at 22:10 UTC","2026-01-26 22:10","https://modsbase.com/eeihl211ic92/2875587269_A_Special_World_-_Special_Building_Compatch.zip.html","8","BIDIRECTIONAL_UNIQUE","2","2","P0_AMBIGUOUS","archive-candidate-for-multiple-git-commits; git-commit-has-multiple-archive-candidates"
"Special-World","SW","2875587269","2875587269|43","43","3 Feb @ 7:40am","2026-02-03 07:40","","AMBIGUOUS","9","fc1bca8d5e65a0a82dfb0ac58e4d4858ed83afac","2026.01.27","1.0","2875587269","NORMAL","35","False","False","False","2875587269|12","12","3 Feb at 15:40 UTC","2026-02-03 15:40","https://modsbase.com/k8js6flm8l91/2875587269_A_Special_World_-_Special_Building_Compatch.zip.html","8","BIDIRECTIONAL_UNIQUE","2","2","P0_AMBIGUOUS","archive-candidate-for-multiple-git-commits; git-commit-has-multiple-archive-candidates; steam-git-event-ambiguity; git-candidate-not-unique-top"
"Special-World","SW","2875587269","2875587269|43","43","3 Feb @ 7:40am","2026-02-03 07:40","","AMBIGUOUS","10","04978e0c73beff81e806fb0433ea3ad95cf3a589","2026.01.31","1.0","2875587269","NORMAL","60","True","True","False","2875587269|12","12","3 Feb at 15:40 UTC","2026-02-03 15:40","https://modsbase.com/k8js6flm8l91/2875587269_A_Special_World_-_Special_Building_Compatch.zip.html","8","BIDIRECTIONAL_UNIQUE","2","2","P0_AMBIGUOUS","archive-candidate-for-multiple-git-commits; git-commit-has-multiple-archive-candidates; steam-git-event-ambiguity"
"Special-World","SW","2875587269","2875587269|45","45","26 Jan @ 2:10pm","2026-01-26 14:10","","CANDIDATE","10","04978e0c73beff81e806fb0433ea3ad95cf3a589","2026.01.31","1.0","2875587269","NORMAL","35","False","False","False","2875587269|13","13","26 Jan at 22:10 UTC","2026-01-26 22:10","https://modsbase.com/eeihl211ic92/2875587269_A_Special_World_-_Special_Building_Compatch.zip.html","8","BIDIRECTIONAL_UNIQUE","2","2","P0_AMBIGUOUS","archive-candidate-for-multiple-git-commits; git-commit-has-multiple-archive-candidates; git-candidate-not-unique-top"
"Special-World","SW","2875587269","2875587269|38","38","21 Feb @ 10:54pm","2026-02-21 22:54","","CANDIDATE","12","0d6593821735eed75eeea01feaa347e3323e81f6","2026.02.14","1.0","2875587269","NORMAL","35","False","False","False","2875587269|11","11","22 Feb at 06:54 UTC","2026-02-22 06:54","https://modsbase.com/xjp1l0x5x93l/2875587269_A_Special_World_-_Special_Building_Compatch.zip.html","8","BIDIRECTIONAL_UNIQUE","4","1","P0_AMBIGUOUS","archive-candidate-for-multiple-git-commits; git-candidate-not-unique-top"
"Special-World","SW","2875587269","2875587269|38","38","21 Feb @ 10:54pm","2026-02-21 22:54","","CANDIDATE","13","9ee299267667b7f65add26844e8520da320efdae","2026.02.18","1.0","2875587269","NORMAL","60","False","False","False","2875587269|11","11","22 Feb at 06:54 UTC","2026-02-22 06:54","https://modsbase.com/xjp1l0x5x93l/2875587269_A_Special_World_-_Special_Building_Compatch.zip.html","8","BIDIRECTIONAL_UNIQUE","4","1","P0_AMBIGUOUS","archive-candidate-for-multiple-git-commits; git-candidate-not-unique-top"
"Special-World","SW","2875587269","2875587269|38","38","21 Feb @ 10:54pm","2026-02-21 22:54","","CANDIDATE","14","be266d10ef71a8ae6d1b26920fcb063039aa7d5c","2026.02.22","1.0","2875587269","NORMAL","135","True","True","False","2875587269|11","11","22 Feb at 06:54 UTC","2026-02-22 06:54","https://modsbase.com/xjp1l0x5x93l/2875587269_A_Special_World_-_Special_Building_Compatch.zip.html","8","BIDIRECTIONAL_UNIQUE","4","2","P0_AMBIGUOUS","archive-candidate-for-multiple-git-commits; git-commit-has-multiple-archive-candidates"
"Special-World","SW","2875587269","2875587269|36","36","1 Mar @ 7:42am","2026-03-01 07:42","","CANDIDATE","14","be266d10ef71a8ae6d1b26920fcb063039aa7d5c","2026.02.22","1.0","2875587269","NORMAL","35","False","False","False","2875587269|10","10","1 Mar at 15:42 UTC","2026-03-01 15:42","https://modsbase.com/xvf8zapknreq/2875587269_A_Special_World_-_Special_Building_Compatch.zip.html","8","BIDIRECTIONAL_UNIQUE","4","2","P0_AMBIGUOUS","archive-candidate-for-multiple-git-commits; git-commit-has-multiple-archive-candidates; git-candidate-not-unique-top"
"Special-World","SW","2875587269","2875587269|38","38","21 Feb @ 10:54pm","2026-02-21 22:54","","CANDIDATE","15","35b31d96b564aa28b6abc3079864e8cb73caa66d","2026.02.26","1.0","2875587269","NORMAL","35","False","False","False","2875587269|11","11","22 Feb at 06:54 UTC","2026-02-22 06:54","https://modsbase.com/xjp1l0x5x93l/2875587269_A_Special_World_-_Special_Building_Compatch.zip.html","8","BIDIRECTIONAL_UNIQUE","4","2","P0_AMBIGUOUS","archive-candidate-for-multiple-git-commits; git-commit-has-multiple-archive-candidates; git-candidate-not-unique-top"
"Special-World","SW","2875587269","2875587269|36","36","1 Mar @ 7:42am","2026-03-01 07:42","","CANDIDATE","15","35b31d96b564aa28b6abc3079864e8cb73caa66d","2026.02.26","1.0","2875587269","NORMAL","65","False","False","False","2875587269|10","10","1 Mar at 15:42 UTC","2026-03-01 15:42","https://modsbase.com/xvf8zapknreq/2875587269_A_Special_World_-_Special_Building_Compatch.zip.html","8","BIDIRECTIONAL_UNIQUE","4","2","P0_AMBIGUOUS","archive-candidate-for-multiple-git-commits; git-commit-has-multiple-archive-candidates; git-candidate-not-unique-top"
"Special-World","SW","2875587269","2875587269|36","36","1 Mar @ 7:42am","2026-03-01 07:42","","CANDIDATE","16","82f9a80b847cebb359e9b8797be9b85058fc99e7","2026.03.01","1.0","2875587269","NORMAL","165","True","True","False","2875587269|10","10","1 Mar at 15:42 UTC","2026-03-01 15:42","https://modsbase.com/xvf8zapknreq/2875587269_A_Special_World_-_Special_Building_Compatch.zip.html","8","BIDIRECTIONAL_UNIQUE","4","1","P0_AMBIGUOUS","archive-candidate-for-multiple-git-commits"
"Special-World","SW","2875587269","2875587269|36","36","1 Mar @ 7:42am","2026-03-01 07:42","","CANDIDATE","17","fb9749b56200ff16abb9fec81ddcb0fe266eb35b","2026.03.07","1.0","2875587269","NORMAL","35","False","False","False","2875587269|10","10","1 Mar at 15:42 UTC","2026-03-01 15:42","https://modsbase.com/xvf8zapknreq/2875587269_A_Special_World_-_Special_Building_Compatch.zip.html","8","BIDIRECTIONAL_UNIQUE","4","2","P0_AMBIGUOUS","archive-candidate-for-multiple-git-commits; git-commit-has-multiple-archive-candidates; git-candidate-not-unique-top"
"Special-World","SW","2875587269","2875587269|32","32","14 Mar @ 4:20pm","2026-03-14 16:20","","AMBIGUOUS","17","fb9749b56200ff16abb9fec81ddcb0fe266eb35b","2026.03.07","1.0","2875587269","NORMAL","35","False","False","False","2875587269|9","9","14 Mar at 23:20 UTC","2026-03-14 23:20","https://modsbase.com/absneyopuqs5/2875587269_A_Special_World_-_Special_Building_Compatch.zip.html","7","BIDIRECTIONAL_UNIQUE","4","2","P0_AMBIGUOUS","archive-candidate-for-multiple-git-commits; git-commit-has-multiple-archive-candidates; steam-git-event-ambiguity; git-candidate-not-unique-top"
"Special-World","SW","2875587269","2875587269|31","31","20 Mar @ 2:07pm","2026-03-20 14:07","","AMBIGUOUS","18","1a1b6fc88f3549885518ead116df2f6f0cd55b4b","2026.03.14","1.0","2875587269","NORMAL","35","False","False","False","2875587269|8","8","20 Mar at 21:07 UTC","2026-03-20 21:07","https://modsbase.com/ybm2xn431zs0/2875587269_A_Special_World_-_Special_Building_Compatch.zip.html","7","BIDIRECTIONAL_UNIQUE","4","2","P0_AMBIGUOUS","archive-candidate-for-multiple-git-commits; git-commit-has-multiple-archive-candidates; steam-git-event-ambiguity; git-candidate-not-unique-top"
"Special-World","SW","2875587269","2875587269|32","32","14 Mar @ 4:20pm","2026-03-14 16:20","","AMBIGUOUS","18","1a1b6fc88f3549885518ead116df2f6f0cd55b4b","2026.03.14","1.0","2875587269","NORMAL","175","True","True","False","2875587269|9","9","14 Mar at 23:20 UTC","2026-03-14 23:20","https://modsbase.com/absneyopuqs5/2875587269_A_Special_World_-_Special_Building_Compatch.zip.html","7","BIDIRECTIONAL_UNIQUE","4","2","P0_AMBIGUOUS","archive-candidate-for-multiple-git-commits; git-commit-has-multiple-archive-candidates; steam-git-event-ambiguity"
"Special-World","SW","2875587269","2875587269|32","32","14 Mar @ 4:20pm","2026-03-14 16:20","","AMBIGUOUS","19","7a988841a4ba8a4aaf107e9a743a9127443de517","2026.03.15","1.0","2875587269","NORMAL","135","False","False","False","2875587269|9","9","14 Mar at 23:20 UTC","2026-03-14 23:20","https://modsbase.com/absneyopuqs5/2875587269_A_Special_World_-_Special_Building_Compatch.zip.html","7","BIDIRECTIONAL_UNIQUE","4","3","P0_AMBIGUOUS","archive-candidate-for-multiple-git-commits; git-commit-has-multiple-archive-candidates; steam-git-event-ambiguity; git-candidate-not-unique-top"
"Special-World","SW","2875587269","2875587269|31","31","20 Mar @ 2:07pm","2026-03-20 14:07","","AMBIGUOUS","19","7a988841a4ba8a4aaf107e9a743a9127443de517","2026.03.15","1.0","2875587269","NORMAL","35","False","False","False","2875587269|8","8","20 Mar at 21:07 UTC","2026-03-20 21:07","https://modsbase.com/ybm2xn431zs0/2875587269_A_Special_World_-_Special_Building_Compatch.zip.html","7","BIDIRECTIONAL_UNIQUE","4","3","P0_AMBIGUOUS","archive-candidate-for-multiple-git-commits; git-commit-has-multiple-archive-candidates; steam-git-event-ambiguity; git-candidate-not-unique-top"
"Special-World","SW","2875587269","2875587269|30","30","22 Mar @ 1:03pm","2026-03-22 13:03","","CANDIDATE","19","7a988841a4ba8a4aaf107e9a743a9127443de517","2026.03.15","1.0","2875587269","NORMAL","35","False","False","False","2875587269|7","7","22 Mar at 20:03 UTC","2026-03-22 20:03","https://modsbase.com/jvloum9zfyqw/2875587269_A_Special_World_-_Special_Building_Compatch.zip.html","7","BIDIRECTIONAL_UNIQUE","3","3","P0_AMBIGUOUS","archive-candidate-for-multiple-git-commits; git-commit-has-multiple-archive-candidates; git-candidate-not-unique-top"
"Special-World","SW","2875587269","2875587269|32","32","14 Mar @ 4:20pm","2026-03-14 16:20","","AMBIGUOUS","20","9f4303d3f29ed5b04b3589ffdd2c069f44f8e811","2026.03.21","1.0","2875587269","NORMAL","30","False","False","False","2875587269|9","9","14 Mar at 23:20 UTC","2026-03-14 23:20","https://modsbase.com/absneyopuqs5/2875587269_A_Special_World_-_Special_Building_Compatch.zip.html","7","BIDIRECTIONAL_UNIQUE","4","3","P0_AMBIGUOUS","archive-candidate-for-multiple-git-commits; git-commit-has-multiple-archive-candidates; steam-git-event-ambiguity; git-candidate-not-unique-top"
"Special-World","SW","2875587269","2875587269|30","30","22 Mar @ 1:03pm","2026-03-22 13:03","","CANDIDATE","20","9f4303d3f29ed5b04b3589ffdd2c069f44f8e811","2026.03.21","1.0","2875587269","NORMAL","145","True","True","False","2875587269|7","7","22 Mar at 20:03 UTC","2026-03-22 20:03","https://modsbase.com/jvloum9zfyqw/2875587269_A_Special_World_-_Special_Building_Compatch.zip.html","7","BIDIRECTIONAL_UNIQUE","3","3","P0_AMBIGUOUS","archive-candidate-for-multiple-git-commits; git-commit-has-multiple-archive-candidates"
"Special-World","SW","2875587269","2875587269|31","31","20 Mar @ 2:07pm","2026-03-20 14:07","","AMBIGUOUS","20","9f4303d3f29ed5b04b3589ffdd2c069f44f8e811","2026.03.21","1.0","2875587269","NORMAL","125","True","True","False","2875587269|8","8","20 Mar at 21:07 UTC","2026-03-20 21:07","https://modsbase.com/ybm2xn431zs0/2875587269_A_Special_World_-_Special_Building_Compatch.zip.html","7","BIDIRECTIONAL_UNIQUE","4","3","P0_AMBIGUOUS","archive-candidate-for-multiple-git-commits; git-commit-has-multiple-archive-candidates; steam-git-event-ambiguity"
"Special-World","SW","2875587269","2875587269|30","30","22 Mar @ 1:03pm","2026-03-22 13:03","","CANDIDATE","21","079d5a19aae0272124debd3075f1be8c94c2a127","2026.03.23","1.0","2875587269","NORMAL","135","False","False","False","2875587269|7","7","22 Mar at 20:03 UTC","2026-03-22 20:03","https://modsbase.com/jvloum9zfyqw/2875587269_A_Special_World_-_Special_Building_Compatch.zip.html","7","BIDIRECTIONAL_UNIQUE","3","2","P0_AMBIGUOUS","archive-candidate-for-multiple-git-commits; git-commit-has-multiple-archive-candidates; git-candidate-not-unique-top"
"Special-World","SW","2875587269","2875587269|31","31","20 Mar @ 2:07pm","2026-03-20 14:07","","AMBIGUOUS","21","079d5a19aae0272124debd3075f1be8c94c2a127","2026.03.23","1.0","2875587269","NORMAL","60","False","False","False","2875587269|8","8","20 Mar at 21:07 UTC","2026-03-20 21:07","https://modsbase.com/ybm2xn431zs0/2875587269_A_Special_World_-_Special_Building_Compatch.zip.html","7","BIDIRECTIONAL_UNIQUE","4","2","P0_AMBIGUOUS","archive-candidate-for-multiple-git-commits; git-commit-has-multiple-archive-candidates; steam-git-event-ambiguity; git-candidate-not-unique-top"
"Special-World","SW","2875587269","2875587269|23","23","2 May @ 7:37pm","2026-05-02 19:37","","CANDIDATE","22","e73d268fb26b7d31a7d547d39ad95005358d85e9","2026.04.25","1.0","2875587269","NORMAL","35","False","False","False","2875587269|6","6","3 May at 02:37 UTC","2026-05-03 02:37","https://modsbase.com/l0puk4g8nj8v/2875587269_A_Special_World_-_Special_Building_Compatch.zip.html","7","BIDIRECTIONAL_UNIQUE","6","1","P0_AMBIGUOUS","archive-candidate-for-multiple-git-commits; git-candidate-not-unique-top"
"Special-World","SW","2875587269","2875587269|23","23","2 May @ 7:37pm","2026-05-02 19:37","","CANDIDATE","23","a8bfe78d253cb661b4d2b7d3bd462be98330f8a4","2026.04.27","1.0","2875587269","NORMAL","35","False","False","False","2875587269|6","6","3 May at 02:37 UTC","2026-05-03 02:37","https://modsbase.com/l0puk4g8nj8v/2875587269_A_Special_World_-_Special_Building_Compatch.zip.html","7","BIDIRECTIONAL_UNIQUE","6","1","P0_AMBIGUOUS","archive-candidate-for-multiple-git-commits; git-candidate-not-unique-top"
"Special-World","SW","2875587269","2875587269|23","23","2 May @ 7:37pm","2026-05-02 19:37","","CANDIDATE","24","5e196a059c4a801d23e4200abc83d05b3838c29a","2026.04.29","1.0","2875587269","NORMAL","60","False","False","False","2875587269|6","6","3 May at 02:37 UTC","2026-05-03 02:37","https://modsbase.com/l0puk4g8nj8v/2875587269_A_Special_World_-_Special_Building_Compatch.zip.html","7","BIDIRECTIONAL_UNIQUE","6","1","P0_AMBIGUOUS","archive-candidate-for-multiple-git-commits; git-candidate-not-unique-top"
"Special-World","SW","2875587269","2875587269|22","22","7 May @ 3:20pm","2026-05-07 15:20","1.19.0.5 Update","CANDIDATE","25","ed7d7be79ddaf725d79dff90abf05eba19e7c2e7","2026.04.30","1.0","2875587269","NORMAL","35","False","False","False","2875587269|5","5","7 May at 22:20 UTC","2026-05-07 22:20","https://modsbase.com/j7dbgnz4dpx8/2875587269_A_Special_World_-_Special_Building_Compatch.zip.html","7","BIDIRECTIONAL_UNIQUE","3","2","P0_AMBIGUOUS","archive-candidate-for-multiple-git-commits; git-commit-has-multiple-archive-candidates; git-candidate-not-unique-top"
"Special-World","SW","2875587269","2875587269|23","23","2 May @ 7:37pm","2026-05-02 19:37","","CANDIDATE","25","ed7d7be79ddaf725d79dff90abf05eba19e7c2e7","2026.04.30","1.0","2875587269","NORMAL","105","False","False","False","2875587269|6","6","3 May at 02:37 UTC","2026-05-03 02:37","https://modsbase.com/l0puk4g8nj8v/2875587269_A_Special_World_-_Special_Building_Compatch.zip.html","7","BIDIRECTIONAL_UNIQUE","6","2","P0_AMBIGUOUS","archive-candidate-for-multiple-git-commits; git-commit-has-multiple-archive-candidates; git-candidate-not-unique-top"
"Special-World","SW","2875587269","2875587269|23","23","2 May @ 7:37pm","2026-05-02 19:37","","CANDIDATE","26","d78a822ab3d7e0eae87367e2a2230fd7ef0b7090","2026.05.03","1.0","2875587269","NORMAL","135","True","True","False","2875587269|6","6","3 May at 02:37 UTC","2026-05-03 02:37","https://modsbase.com/l0puk4g8nj8v/2875587269_A_Special_World_-_Special_Building_Compatch.zip.html","7","BIDIRECTIONAL_UNIQUE","6","2","P0_AMBIGUOUS","archive-candidate-for-multiple-git-commits; git-commit-has-multiple-archive-candidates"
"Special-World","SW","2875587269","2875587269|22","22","7 May @ 3:20pm","2026-05-07 15:20","1.19.0.5 Update","CANDIDATE","26","d78a822ab3d7e0eae87367e2a2230fd7ef0b7090","2026.05.03","1.0","2875587269","NORMAL","35","False","False","False","2875587269|5","5","7 May at 22:20 UTC","2026-05-07 22:20","https://modsbase.com/j7dbgnz4dpx8/2875587269_A_Special_World_-_Special_Building_Compatch.zip.html","7","BIDIRECTIONAL_UNIQUE","3","2","P0_AMBIGUOUS","archive-candidate-for-multiple-git-commits; git-commit-has-multiple-archive-candidates; git-candidate-not-unique-top"
"Special-World","SW","2875587269","2875587269|22","22","7 May @ 3:20pm","2026-05-07 15:20","1.19.0.5 Update","CANDIDATE","27","1eeaf8d51248fc7c41d8340a9ce7353020550954","2026.05.08","1.0","2875587269","NORMAL","125","True","True","False","2875587269|5","5","7 May at 22:20 UTC","2026-05-07 22:20","https://modsbase.com/j7dbgnz4dpx8/2875587269_A_Special_World_-_Special_Building_Compatch.zip.html","7","BIDIRECTIONAL_UNIQUE","3","2","P0_AMBIGUOUS","archive-candidate-for-multiple-git-commits; git-commit-has-multiple-archive-candidates"
"Special-World","SW","2875587269","2875587269|23","23","2 May @ 7:37pm","2026-05-02 19:37","","CANDIDATE","27","1eeaf8d51248fc7c41d8340a9ce7353020550954","2026.05.08","1.0","2875587269","NORMAL","35","False","False","False","2875587269|6","6","3 May at 02:37 UTC","2026-05-03 02:37","https://modsbase.com/l0puk4g8nj8v/2875587269_A_Special_World_-_Special_Building_Compatch.zip.html","7","BIDIRECTIONAL_UNIQUE","6","2","P0_AMBIGUOUS","archive-candidate-for-multiple-git-commits; git-commit-has-multiple-archive-candidates; git-candidate-not-unique-top"
"Special-World","SW","2875587269","2875587269|16","16","10 Jul @ 12:12pm","2026-07-10 12:12","","CANDIDATE","31","f4aa884373df976e5da19fff5f1109bfc83b7451","2026.07.07","1.0","2875587269","NORMAL","65","False","False","False","2875587269|3","3","10 Jul at 19:12 UTC","2026-07-10 19:12","https://modsbase.com/io1o3wevn7v4/2875587269_A_Special_World_-_Special_Building_Compatch.zip.html","7","BIDIRECTIONAL_UNIQUE","3","1","P0_AMBIGUOUS","archive-candidate-for-multiple-git-commits; git-candidate-not-unique-top"
"Special-World","SW","2875587269","2875587269|16","16","10 Jul @ 12:12pm","2026-07-10 12:12","","CANDIDATE","32","83032b87bb5b0f3ab378fb348fa4610f3ed71110","2026.07.09","1.0","2875587269","NORMAL","145","False","False","False","2875587269|3","3","10 Jul at 19:12 UTC","2026-07-10 19:12","https://modsbase.com/io1o3wevn7v4/2875587269_A_Special_World_-_Special_Building_Compatch.zip.html","7","BIDIRECTIONAL_UNIQUE","3","1","P0_AMBIGUOUS","archive-candidate-for-multiple-git-commits; git-candidate-not-unique-top"
"Special-World","SW","2875587269","2875587269|16","16","10 Jul @ 12:12pm","2026-07-10 12:12","","CANDIDATE","33","a8ada073cbf32d42c4f9928040d8183309e83563","2026.07.10","1.0","2875587269","NORMAL","165","True","True","False","2875587269|3","3","10 Jul at 19:12 UTC","2026-07-10 19:12","https://modsbase.com/io1o3wevn7v4/2875587269_A_Special_World_-_Special_Building_Compatch.zip.html","7","BIDIRECTIONAL_UNIQUE","3","1","P0_AMBIGUOUS","archive-candidate-for-multiple-git-commits"
"Special-World","SW","2875587269","2875587269|6","6","21 Jul @ 6:16pm","2026-07-21 18:16","","AMBIGUOUS","34","0c51d727a0c8d83f8ebdb48f8b73c43737e1dbca","2026.07.21","1.0","2875587269","NORMAL","175","True","True","False","2875587269|2","2","22 Jul at 01:16 UTC","2026-07-22 01:16","https://modsbase.com/egjv5xsuroc9/2875587269_A_Special_World_-_Special_Building_Compatch.zip.html","7","BIDIRECTIONAL_UNIQUE","2","1","P0_AMBIGUOUS","archive-candidate-for-multiple-git-commits; steam-git-event-ambiguity"
"Special-World","SW","2875587269","2875587269|6","6","21 Jul @ 6:16pm","2026-07-21 18:16","","AMBIGUOUS","35","f6452b9e2fdf635070305178f98828371a150190","2026.07.22","1.0","2875587269","NORMAL","135","False","False","False","2875587269|2","2","22 Jul at 01:16 UTC","2026-07-22 01:16","https://modsbase.com/egjv5xsuroc9/2875587269_A_Special_World_-_Special_Building_Compatch.zip.html","7","BIDIRECTIONAL_UNIQUE","2","1","P0_AMBIGUOUS","archive-candidate-for-multiple-git-commits; steam-git-event-ambiguity; git-candidate-not-unique-top"
"Special-World","SW","2875587269","2875587269|1","1","1 Aug @ 8:11am","2026-08-01 08:11","","CURRENT_HEAD_EVIDENCE","36","4bb54881d2e35563f8db910cd3682869b875f706","2026.07.29","1.0","2875587269","NORMAL","85","False","False","False","2875587269|1","1","1 Aug at 15:11 UTC","2026-08-01 15:11","https://modsbase.com/rlcac140mlld/2875587269_A_Special_World_-_Special_Building_Compatch.zip.html","7","BIDIRECTIONAL_UNIQUE","2","1","P0_AMBIGUOUS","archive-candidate-for-multiple-git-commits; git-candidate-not-unique-top"
"Special-World","SW","2875587269","2875587269|1","1","1 Aug @ 8:11am","2026-08-01 08:11","","CURRENT_HEAD_EVIDENCE","37","62f33e63129a4196cf45d750c5c4f9316cd368fe","2026.08.01","1.0","2875587269","NORMAL","555","True","True","True","2875587269|1","1","1 Aug at 15:11 UTC","2026-08-01 15:11","https://modsbase.com/rlcac140mlld/2875587269_A_Special_World_-_Special_Building_Compatch.zip.html","7","BIDIRECTIONAL_UNIQUE","2","1","P0_AMBIGUOUS","current-head-evidence; archive-candidate-for-multiple-git-commits"
"Special-World","SW","2875587269","2875587269|19","19","29 May @ 1:46pm","2026-05-29 13:46","","CANDIDATE","30","f0fcdf01de6da346c5542f250ad92797ae2dfae4","2026.05.29","1.0","2875587269","NORMAL","165","True","True","False","2875587269|4","4","29 May at 20:46 UTC","2026-05-29 20:46","https://modsbase.com/ikm30ux1mqsq/2875587269_A_Special_World_-_Special_Building_Compatch.zip.html","7","BIDIRECTIONAL_UNIQUE","1","1","P1_VERIFY_GIT_CANDIDATE","git-candidate-needs-content-verification"
"Western-Steppe-Expanded","WSE","3490396842","3490396842|3","3","4 Feb @ 12:39pm","2026-02-04 12:39","","CANDIDATE","2","fcda0b4b0dae1bcf911e7b9b8e650b9aad3bb554","04.02.2026","1.18.*","3490396842","NORMAL","145","True","True","False","3490396842|2","2","4 Feb at 20:39 UTC","2026-02-04 20:39","https://modsbase.com/y87gxbd37old/3490396842_Western_Steppe_Expanded.zip.html","8","BIDIRECTIONAL_UNIQUE","1","1","P1_VERIFY_GIT_CANDIDATE","git-candidate-needs-content-verification"
"Western-Steppe-Expanded","WSE","3490396842","3490396842|1","1","20 Apr @ 8:37am","2026-04-20 08:37","","CURRENT_HEAD_EVIDENCE","4","063576a7299159e3eef1ba510e6e3bd7f938d7ab","2026.04.20","1.19.*","3490396842","NORMAL","575","True","True","True","3490396842|1","1","20 Apr at 15:37 UTC","2026-04-20 15:37","https://modsbase.com/iryh9g8jcfz2/3490396842_Western_Steppe_Expanded.zip.html","7","BIDIRECTIONAL_UNIQUE","1","1","P3_CURRENT_HEAD_OPTIONAL","current-head-evidence"
