"Repo","Abbreviation","WorkshopId","Page","Url","FromCache","FetchedAtUtc","Sha256","RawFile"
"Community-Flavor-Pack","CFP","2220098919","1","https://steamcommunity.com/sharedfiles/filedetails/changelog/2220098919?p=1&l=english","True","2026-08-15T17:46:21.4526424Z","4131cdb75ffe4e34256c0c816b3e4eb22ca9cc62705c3f7accae74f848a78c90","raw-pages/2220098919/page-001.html"
"Community-Flavor-Pack","CFP","2220098919","2","https://steamcommunity.com/sharedfiles/filedetails/changelog/2220098919?p=2&l=english","True","2026-08-15T17:46:22.9792789Z","cdd776607890a3cf0b765cc55f9954e7e0c932f595cef4604e7f9b9beb4c154b","raw-pages/2220098919/page-002.html"
"Community-Flavor-Pack","CFP","2220098919","3","https://steamcommunity.com/sharedfiles/filedetails/changelog/2220098919?p=3&l=english","True","2026-08-15T17:46:24.3348726Z","73c02f9f10a30c04af7ec909c20746b715fb1981ad3ced56d0219e645504b01c","raw-pages/2220098919/page-003.html"
"Community-Flavor-Pack","CFP","2220098919","4","https://steamcommunity.com/sharedfiles/filedetails/changelog/2220098919?p=4&l=english","True","2026-08-15T17:46:25.6774687Z","850e2a997a35e938b3ecdf0560d0d0993046ab4a68a2ffe2e071f1ef47a2937a","raw-pages/2220098919/page-004.html"
"Community-Flavor-Pack","CFP","2220098919","5","https://steamcommunity.com/sharedfiles/filedetails/changelog/2220098919?p=5&l=english","True","2026-08-15T17:46:27.0766430Z","79ec695bfd353f683ef823b2e4d2f2d0f6018657eba3a9960f1eb4ad515ba3a4","raw-pages/2220098919/page-005.html"
"Community-Flavor-Pack","CFP","2220098919","6","https://steamcommunity.com/sharedfiles/filedetails/changelog/2220098919?p=6&l=english","True","2026-08-15T17:46:28.6014942Z","14a0cc46ab791a35d43a191b78379b820b07328eb7d4a7e1952cd18cc1b4778f","raw-pages/2220098919/page-006.html"
"Community-Flavor-Pack","CFP","2220098919","7","https://steamcommunity.com/sharedfiles/filedetails/changelog/2220098919?p=7&l=english","True","2026-08-15T17:46:29.9171836Z","6ffee773cca9654917214a0091d28fefb70a5972deaf2d2086968b9c9d9a9058","raw-pages/2220098919/page-007.html"
"Community-Flavor-Pack","CFP","2220098919","8","https://steamcommunity.com/sharedfiles/filedetails/changelog/2220098919?p=8&l=english","False","2026-08-15T18:03:18.2732449Z","f2bfe30f2379c9c6c20de6c14b1d752d73e4a4b9b785f28659e50d42983a157f","raw-pages/2220098919/page-008.html"
"Community-Flavor-Pack","CFP","2220098919","9","https://steamcommunity.com/sharedfiles/filedetails/changelog/2220098919?p=9&l=english","False","2026-08-15T18:03:23.7682624Z","560e66a868f9c4beb391866663ec2182c41a161d8c142c40d59c4143cd3ef760","raw-pages/2220098919/page-009.html"
"Community-Flavor-Pack","CFP","2220098919","10","https://steamcommunity.com/sharedfiles/filedetails/changelog/2220098919?p=10&l=english","False","2026-08-15T18:03:28.4631050Z","29bf2dcab4d94460d8d297294140ace9e674d974c36f03acf732ce014a84d215","raw-pages/2220098919/page-010.html"
"Community-Flavor-Pack","CFP","2220098919","11","https://steamcommunity.com/sharedfiles/filedetails/changelog/2220098919?p=11&l=english","False","2026-08-15T18:03:33.8818611Z","448836e4d933335f09c1952257c0dfc6d57eac524fc4150c796a2a7ef98d02b4","raw-pages/2220098919/page-011.html"
"Community-Flavor-Pack","CFP","2220098919","12","https://steamcommunity.com/sharedfiles/filedetails/changelog/2220098919?p=12&l=english","False","2026-08-15T18:03:38.6847835Z","d94a2cda839edff82b222b20469870a51698da9761815bfd7244bb71e783cf2d","raw-pages/2220098919/page-012.html"
"Community-Flavor-Pack","CFP","2220098919","13","https://steamcommunity.com/sharedfiles/filedetails/changelog/2220098919?p=13&l=english","False","2026-08-15T18:03:44.9295801Z","776e76f7020006ef619ee4cf8abc8f5945a9572ebb434e31b1a0ce5efd22a17c","raw-pages/2220098919/page-013.html"
"Culture-and-Faith-Granularity","CFG","3206891770","1","https://steamcommunity.com/sharedfiles/filedetails/changelog/3206891770?p=1&l=english","False","2026-08-15T18:03:51.2609165Z","b0c9555ce46f9d4fd5de797a4fba4c6c46feef415a3bc9a5c890596db82a1c39","raw-pages/3206891770/page-001.html"
"Culture-and-Faith-Granularity","CFG","3206891770","2","https://steamcommunity.com/sharedfiles/filedetails/changelog/3206891770?p=2&l=english","False","2026-08-15T18:03:56.1521322Z","07ff5f81217cbd63ab4d1d6bc4b1cb4b90702f9b63304c56e7d9f0350f49736d","raw-pages/3206891770/page-002.html"
"Culture-and-Faith-Granularity","CFG","3206891770","3","https://steamcommunity.com/sharedfiles/filedetails/changelog/3206891770?p=3&l=english","False","2026-08-15T18:04:02.2391393Z","ed318e7f45c5d6874bbcde76bde242eb7b80309ca040fd9a96e0854800b61659","raw-pages/3206891770/page-003.html"
"Culture-Expanded","CE","2829397295","1","https://steamcommunity.com/sharedfiles/filedetails/changelog/2829397295?p=1&l=english","False","2026-08-15T18:04:07.2645309Z","3307d83fe334ac08649d1ec7e9a9d4e21f1a52d6ee74842bb76cf1b272cbe402","raw-pages/2829397295/page-001.html"
"Culture-Expanded","CE","2829397295","2","https://steamcommunity.com/sharedfiles/filedetails/changelog/2829397295?p=2&l=english","False","2026-08-15T18:04:13.2190531Z","a7aae258e0e1708f32b789e1b838a99e66646e1021ac450eae999d67618ef4cf","raw-pages/2829397295/page-002.html"
"Culture-Expanded","CE","2829397295","3","https://steamcommunity.com/sharedfiles/filedetails/changelog/2829397295?p=3&l=english","False","2026-08-15T18:04:18.2135578Z","4ae506673224a630ad30d9a405b9cbb490fe4e393f98a01ec4a0406bc4a59dd5","raw-pages/2829397295/page-003.html"
"Culture-Expanded","CE","2829397295","4","https://steamcommunity.com/sharedfiles/filedetails/changelog/2829397295?p=4&l=english","False","2026-08-15T18:04:24.5670887Z","a7ffb7c0f987f3cf2c2f012eda10eff5158aa04ba345a5c76dba17a29049cff8","raw-pages/2829397295/page-004.html"
"Culture-Expanded","CE","2829397295","5","https://steamcommunity.com/sharedfiles/filedetails/changelog/2829397295?p=5&l=english","False","2026-08-15T18:04:30.3658599Z","1b176c14a24bd1bea936266bcd70e855eadd7c5cc435b17bdde580f0c5a1b36a","raw-pages/2829397295/page-005.html"
"Culture-Expanded","CE","2829397295","6","https://steamcommunity.com/sharedfiles/filedetails/changelog/2829397295?p=6&l=english","False","2026-08-15T18:04:34.9756256Z","33c2d6efa582e687eb0e4e7b278f62c539b58750af8cf2b00f878a0a67b517ab","raw-pages/2829397295/page-006.html"
"Demand-Tribute","DT","3473488611","1","https://steamcommunity.com/sharedfiles/filedetails/changelog/3473488611?p=1&l=english","False","2026-08-15T18:04:41.0199892Z","7f3b8e736c659aa7de7a1ce97edde3b89bda535f758b203ad1b4db6f7ef5933b","raw-pages/3473488611/page-001.html"
"Demand-Tribute","DT","3473488611","2","https://steamcommunity.com/sharedfiles/filedetails/changelog/3473488611?p=2&l=english","False","2026-08-15T18:04:47.2839059Z","752177919dbc3943f95cd661cd942a2adceafb0087469679ff58615ad41406e4","raw-pages/3473488611/page-002.html"
"EPE-CFP","EPE-CFP","2996881191","1","https://steamcommunity.com/sharedfiles/filedetails/changelog/2996881191?p=1&l=english","False","2026-08-15T18:04:51.9836323Z","3cda8b81c0e72b0a3dfa7bbacc19a2e7c3440f9a288baf09c172a06bd9f9257b","raw-pages/2996881191/page-001.html"
"EPE-CFP","EPE-CFP","2996881191","2","https://steamcommunity.com/sharedfiles/filedetails/changelog/2996881191?p=2&l=english","False","2026-08-15T18:04:57.7986255Z","8ec5bb9517796e0ec6cd511611b35001e7d6309105400447955847c468a8297d","raw-pages/2996881191/page-002.html"
"EPE-CFP","EPE-CFP","2996881191","3","https://steamcommunity.com/sharedfiles/filedetails/changelog/2996881191?p=3&l=english","False","2026-08-15T18:05:03.4808372Z","0af82a64f813907b06126e4eb913af860ce84f61116e77426ba03f7a1d13975c","raw-pages/2996881191/page-003.html"
"EPE-CFP","EPE-CFP","2996881191","4","https://steamcommunity.com/sharedfiles/filedetails/changelog/2996881191?p=4&l=english","False","2026-08-15T18:14:10.7109167Z","a91d524c79bf2779c0bf1be79449552436d99adb9dc1f003f0d692915f8e06fc","raw-pages/2996881191/page-004.html"
"EPE-CFP","EPE-CFP","2996881191","5","https://steamcommunity.com/sharedfiles/filedetails/changelog/2996881191?p=5&l=english","False","2026-08-15T18:14:17.2549098Z","af8eb7bf0b1ea07411e33b7d4d71bfb4bf491bb70b2ca91012151638dafeff2b","raw-pages/2996881191/page-005.html"
"Ethnicities-and-Portraits-Expanded","EPE","2507209632","1","https://steamcommunity.com/sharedfiles/filedetails/changelog/2507209632?p=1&l=english","False","2026-08-15T18:14:22.2545904Z","43f3e37a54dffa2826bbd6e9ee64ee03ad105905b76381261cdc7345b42c40d3","raw-pages/2507209632/page-001.html"
"Ethnicities-and-Portraits-Expanded","EPE","2507209632","2","https://steamcommunity.com/sharedfiles/filedetails/changelog/2507209632?p=2&l=english","False","2026-08-15T18:14:26.9134652Z","3374c7638ebd331d8220561f88e969ca330cb809bc3b57be74564272cc8c9c98","raw-pages/2507209632/page-002.html"
"Ethnicities-and-Portraits-Expanded","EPE","2507209632","3","https://steamcommunity.com/sharedfiles/filedetails/changelog/2507209632?p=3&l=english","False","2026-08-15T18:14:32.7709293Z","a79797909bc86b7ce81bff5bf7621ca4f2b16238632442dab4103c2f2df38fec","raw-pages/2507209632/page-003.html"
"Ethnicities-and-Portraits-Expanded","EPE","2507209632","4","https://steamcommunity.com/sharedfiles/filedetails/changelog/2507209632?p=4&l=english","False","2026-08-15T18:14:39.0330901Z","71cda2e922491ab75d44b6981a4174360d9228fb5f7e92d5a0021ffd39883b56","raw-pages/2507209632/page-004.html"
"Ethnicities-and-Portraits-Expanded","EPE","2507209632","5","https://steamcommunity.com/sharedfiles/filedetails/changelog/2507209632?p=5&l=english","False","2026-08-15T18:14:45.2543858Z","5ba6fb4ca4831f2946c2487a71304b53cf3ab90ef2504162f555130c7d3b0641","raw-pages/2507209632/page-005.html"
"Ethnicities-and-Portraits-Expanded","EPE","2507209632","6","https://steamcommunity.com/sharedfiles/filedetails/changelog/2507209632?p=6&l=english","False","2026-08-15T18:14:51.1713169Z","d8bf6d002d099ca9e9c4f5bd624713315ab26b6498e5df55d36ccd8049e32510","raw-pages/2507209632/page-006.html"
"Ethnicities-and-Portraits-Expanded","EPE","2507209632","7","https://steamcommunity.com/sharedfiles/filedetails/changelog/2507209632?p=7&l=english","False","2026-08-15T18:14:57.5213434Z","a67ba258e67c85258a99d22bd19c367ac84a89a6a2241800bac934ea358332c0","raw-pages/2507209632/page-007.html"
"Ethnicities-and-Portraits-Expanded","EPE","2507209632","8","https://steamcommunity.com/sharedfiles/filedetails/changelog/2507209632?p=8&l=english","False","2026-08-15T18:15:02.1171739Z","be93e4a07e672f4ca3359ee169ac96389be300ad619f7f35846b14b4bae7f558","raw-pages/2507209632/page-008.html"
"Ethnicities-and-Portraits-Expanded","EPE","2507209632","9","https://steamcommunity.com/sharedfiles/filedetails/changelog/2507209632?p=9&l=english","False","2026-08-15T18:15:08.1117528Z","81553d95da95cae083804f45bf2d3ebac52e460278a06b6b7ff47c54f6bf4628","raw-pages/2507209632/page-009.html"
"MBP-EPE-CFP","MBP-EPE-CFP","2543865921","1","https://steamcommunity.com/sharedfiles/filedetails/changelog/2543865921?p=1&l=english","False","2026-08-15T18:15:13.3799254Z","40c4e128987d1eaef5ccfd9979f9dfa6c721da37a4fd96e3d90c7a86c19341b9","raw-pages/2543865921/page-001.html"
"MBP-EPE-CFP","MBP-EPE-CFP","2543865921","2","https://steamcommunity.com/sharedfiles/filedetails/changelog/2543865921?p=2&l=english","False","2026-08-15T18:15:19.7368293Z","7a9fcd39995a9451944454cc61893be118a3af5d0fe6ae8fd3c55b0d4a2b7b65","raw-pages/2543865921/page-002.html"
"MBP-EPE-CFP","MBP-EPE-CFP","2543865921","3","https://steamcommunity.com/sharedfiles/filedetails/changelog/2543865921?p=3&l=english","False","2026-08-15T18:15:25.5726235Z","3845d2106d8bbab8fb86f9b9f1927e1ba4c57d461104b6562e458194a3767fa8","raw-pages/2543865921/page-003.html"
"MBP-EPE-CFP","MBP-EPE-CFP","2543865921","4","https://steamcommunity.com/sharedfiles/filedetails/changelog/2543865921?p=4&l=english","False","2026-08-15T18:15:31.0951278Z","4f7324fc3967335a144ceb8ebe2b9ec5b3475819cc841870842c4f8dec9a995f","raw-pages/2543865921/page-004.html"
"MBP-EPE-CFP","MBP-EPE-CFP","2543865921","5","https://steamcommunity.com/sharedfiles/filedetails/changelog/2543865921?p=5&l=english","False","2026-08-15T18:15:36.2879000Z","edbea1e3d3d728a12646d7e18f98095a36e905feca80348577a717626f26d6c5","raw-pages/2543865921/page-005.html"
"MBP-EPE-CFP","MBP-EPE-CFP","2543865921","6","https://steamcommunity.com/sharedfiles/filedetails/changelog/2543865921?p=6&l=english","False","2026-08-15T18:15:43.0573050Z","4b8e121947eafa3c975b32110e3053f668e1862193066b91db5723cb2a6cc1f7","raw-pages/2543865921/page-006.html"
"MBP-EPE-CFP","MBP-EPE-CFP","2543865921","7","https://steamcommunity.com/sharedfiles/filedetails/changelog/2543865921?p=7&l=english","False","2026-08-15T18:15:48.9490929Z","382c9ca8e1dfbc04b1b980d26c1270fb744bbf8bfc6647943cded720e1576655","raw-pages/2543865921/page-007.html"
"MBP-EPE-CFP","MBP-EPE-CFP","2543865921","8","https://steamcommunity.com/sharedfiles/filedetails/changelog/2543865921?p=8&l=english","False","2026-08-15T18:15:54.3130282Z","0302f84ee5a10f42eda87f3c80bb967a0b29c6777803a1b97c30a098a6cbac22","raw-pages/2543865921/page-008.html"
"MBP-EPE-CFP","MBP-EPE-CFP","2543865921","9","https://steamcommunity.com/sharedfiles/filedetails/changelog/2543865921?p=9&l=english","False","2026-08-15T18:16:00.8049437Z","f0fd54792b0b250afc2b531910f78e5a75d68cf0a203691f6e453431c61a5ee3","raw-pages/2543865921/page-009.html"
"MBP-EPE-CFP","MBP-EPE-CFP","2543865921","10","https://steamcommunity.com/sharedfiles/filedetails/changelog/2543865921?p=10&l=english","False","2026-08-15T18:25:08.4980659Z","444aeab556f49c9b914eac6e9173f33ae38af9d98073e88e275d36912ceee80f","raw-pages/2543865921/page-010.html"
"MBP-EPE-CFP","MBP-EPE-CFP","2543865921","11","https://steamcommunity.com/sharedfiles/filedetails/changelog/2543865921?p=11&l=english","False","2026-08-15T18:25:13.4124388Z","bb01ec476a154335c1f795ccab106475b51f1090b5b164cc82e8b9fc86e17a96","raw-pages/2543865921/page-011.html"
"MBP-EPE-CFP","MBP-EPE-CFP","2543865921","12","https://steamcommunity.com/sharedfiles/filedetails/changelog/2543865921?p=12&l=english","False","2026-08-15T18:25:19.8118284Z","df8a4b8c495e62bedd6175637c41590e812a58b07922554d7228eeb0cb662153","raw-pages/2543865921/page-012.html"
"MBP-EPE-CFP","MBP-EPE-CFP","2543865921","13","https://steamcommunity.com/sharedfiles/filedetails/changelog/2543865921?p=13&l=english","False","2026-08-15T18:25:24.4640060Z","a2db9c639b3271f540916dd20653dd99f240aa5375ab765acd66ec3e6bbaab7d","raw-pages/2543865921/page-013.html"
"MBP-EPE-CFP","MBP-EPE-CFP","2543865921","14","https://steamcommunity.com/sharedfiles/filedetails/changelog/2543865921?p=14&l=english","False","2026-08-15T18:25:30.9528292Z","48d9c1f049bcdc5a3efbc3ed46fd274dcf86b610f99a7cd1dbd5e35429712100","raw-pages/2543865921/page-014.html"
"MBP-EPE-CFP","MBP-EPE-CFP","2543865921","15","https://steamcommunity.com/sharedfiles/filedetails/changelog/2543865921?p=15&l=english","False","2026-08-15T18:25:37.5719998Z","43ea3163a8f3e110c136bd22eb517a3356678bcc98f5c0aa4f28c152389a9cdf","raw-pages/2543865921/page-015.html"
"MBP-EPE-CFP","MBP-EPE-CFP","2543865921","16","https://steamcommunity.com/sharedfiles/filedetails/changelog/2543865921?p=16&l=english","False","2026-08-15T18:25:42.4267194Z","ea43591b7fb7efd50c4ef86dce1998656fed34b458b515651f4d790078de7f4c","raw-pages/2543865921/page-016.html"
"MBP-EPE-CFP","MBP-EPE-CFP","2543865921","17","https://steamcommunity.com/sharedfiles/filedetails/changelog/2543865921?p=17&l=english","False","2026-08-15T18:25:47.7378360Z","6e7fb128f60d8ef32cad049f7cb56d287f44be292a8504cc09cd48f02da959ba","raw-pages/2543865921/page-017.html"
"MBP-EPE-CFP","MBP-EPE-CFP","2543865921","18","https://steamcommunity.com/sharedfiles/filedetails/changelog/2543865921?p=18&l=english","False","2026-08-15T18:25:53.1353137Z","ffe41a0cd9969c2cd971f3c5992b21e13c3a4eaaa8bc50d819106fbceabd07ed","raw-pages/2543865921/page-018.html"
"MBP-EPE-CFP","MBP-EPE-CFP","2543865921","19","https://steamcommunity.com/sharedfiles/filedetails/changelog/2543865921?p=19&l=english","False","2026-08-15T18:25:58.3679334Z","be2a53a899f263215c591c950854840644130a2852cf8d15e54ef76e7038eeb0","raw-pages/2543865921/page-019.html"
"MBP-EPE-CFP","MBP-EPE-CFP","2543865921","20","https://steamcommunity.com/sharedfiles/filedetails/changelog/2543865921?p=20&l=english","False","2026-08-15T18:26:03.7312042Z","6179a5bac3ee16b5943f9cafd9d2686b7182f9dfd86ac3882bf324b9e3c89de1","raw-pages/2543865921/page-020.html"
"MedievalImmersion","MI","3268020725","1","https://steamcommunity.com/sharedfiles/filedetails/changelog/3268020725?p=1&l=english","False","2026-08-15T18:26:08.8265863Z","826b06fb5f0c202771f5a08ab102a0caa2ba33323f11a5855ed9e255dfd26857","raw-pages/3268020725/page-001.html"
"MedievalImmersion","MI","3268020725","2","https://steamcommunity.com/sharedfiles/filedetails/changelog/3268020725?p=2&l=english","False","2026-08-15T18:26:14.1959435Z","0f0be02dfd4da1e781689cbf30afb4ded08abdeae159273124b6771265612502","raw-pages/3268020725/page-002.html"
"MedievalImmersion","MI","3268020725","3","https://steamcommunity.com/sharedfiles/filedetails/changelog/3268020725?p=3&l=english","False","2026-08-15T18:26:19.2603473Z","98063fa96a340d3b1d1115ebd6cc23d52b95adfcb6e6be47bbb6527902108e99","raw-pages/3268020725/page-003.html"
"MPE","MPE","3726274827","1","https://steamcommunity.com/sharedfiles/filedetails/changelog/3726274827?p=1&l=english","False","2026-08-15T18:26:25.5413359Z","f6f0a5996cc1484b177858cf47f2b143ead034b919e6399607b66f3dddf7a9eb","raw-pages/3726274827/page-001.html"
"RICE","RICE","2273832430","1","https://steamcommunity.com/sharedfiles/filedetails/changelog/2273832430?p=1&l=english","False","2026-08-15T18:26:31.5743273Z","53476c523bdbe032fa01aec6f34e85823b4da89cc2fa1d650b1d9cdcda1fa0b8","raw-pages/2273832430/page-001.html"
"RICE","RICE","2273832430","2","https://steamcommunity.com/sharedfiles/filedetails/changelog/2273832430?p=2&l=english","False","2026-08-15T18:26:37.5422969Z","cc909fed6e0b41df2cc35882852eecd7b188bcca5504ad5b9b7d35b55a16fddb","raw-pages/2273832430/page-002.html"
"RICE","RICE","2273832430","3","https://steamcommunity.com/sharedfiles/filedetails/changelog/2273832430?p=3&l=english","False","2026-08-15T18:26:42.4444528Z","9c686615dc1799836640c5a5e7c05d57d3ef73274f42a1b780dc63f2fbca0987","raw-pages/2273832430/page-003.html"
"RICE","RICE","2273832430","4","https://steamcommunity.com/sharedfiles/filedetails/changelog/2273832430?p=4&l=english","False","2026-08-15T18:26:48.5096932Z","73793d8dbdfd443d89ea42b169f9b9ec04ca968b4dcf1fa90f313e82e7206036","raw-pages/2273832430/page-004.html"
"RICE","RICE","2273832430","5","https://steamcommunity.com/sharedfiles/filedetails/changelog/2273832430?p=5&l=english","False","2026-08-15T18:26:54.2240263Z","b8bff7d0453cb1713908b0d8d035692e5c48389fd0dd2d169e4548f98ed7c717","raw-pages/2273832430/page-005.html"
"RICE","RICE","2273832430","6","https://steamcommunity.com/sharedfiles/filedetails/changelog/2273832430?p=6&l=english","False","2026-08-15T18:36:01.4337723Z","1875f0192efead26fd9b7c69b4775761bea43247eb79ed58fdba9f0a7f5d7810","raw-pages/2273832430/page-006.html"
"RICE","RICE","2273832430","7","https://steamcommunity.com/sharedfiles/filedetails/changelog/2273832430?p=7&l=english","False","2026-08-15T18:36:06.3169945Z","0b7beb003d3f6bba4109ec8502f07717d17b0d8d76d1d32b651325a097b34fc8","raw-pages/2273832430/page-007.html"
"RICE","RICE","2273832430","8","https://steamcommunity.com/sharedfiles/filedetails/changelog/2273832430?p=8&l=english","False","2026-08-15T18:36:10.9788979Z","8ab1dc936b92b75b1cecf2a28c5baa291fcc9934667000e3a71fbad995f1dfad","raw-pages/2273832430/page-008.html"
"RICE","RICE","2273832430","9","https://steamcommunity.com/sharedfiles/filedetails/changelog/2273832430?p=9&l=english","False","2026-08-15T18:36:16.9998550Z","8396d62cd9c54e38666fddb2c4170f8c055385816306f267ba0f979ce332fda0","raw-pages/2273832430/page-009.html"
"RICE","RICE","2273832430","10","https://steamcommunity.com/sharedfiles/filedetails/changelog/2273832430?p=10&l=english","False","2026-08-15T18:36:22.2015510Z","c5665013fe125e0168b5b1ed5e590e4acc1c2a1ff9128dd1f7b44edcb4b6e10d","raw-pages/2273832430/page-010.html"
"RICE","RICE","2273832430","11","https://steamcommunity.com/sharedfiles/filedetails/changelog/2273832430?p=11&l=english","False","2026-08-15T18:36:27.7926992Z","e72f37ca759dbecf08e5fcba63a72f10b6de66c4b043888026873fe229becd8f","raw-pages/2273832430/page-011.html"
"RICE","RICE","2273832430","12","https://steamcommunity.com/sharedfiles/filedetails/changelog/2273832430?p=12&l=english","False","2026-08-15T18:36:33.6623047Z","fa2479783a13893bf088013f151aa23881c032e142665174a2cad56d36cb5a48","raw-pages/2273832430/page-012.html"
"Special-World","SW","2875587269","1","https://steamcommunity.com/sharedfiles/filedetails/changelog/2875587269?p=1&l=english","False","2026-08-15T18:36:39.9593916Z","64f8c1888cb038fd96069a1996adc367f7b545a2fc922332144feedd3dc41553","raw-pages/2875587269/page-001.html"
"Special-World","SW","2875587269","2","https://steamcommunity.com/sharedfiles/filedetails/changelog/2875587269?p=2&l=english","False","2026-08-15T18:36:45.1449527Z","9dc10c5a289385417d858f7283b70b3fb92794d4d7567e14598b4de52588fc2b","raw-pages/2875587269/page-002.html"
"Special-World","SW","2875587269","3","https://steamcommunity.com/sharedfiles/filedetails/changelog/2875587269?p=3&l=english","False","2026-08-15T18:36:51.4693875Z","27646752f4e4e1487baae90bd17eca5095ca272aac564cc2a0078509d97ff1c1","raw-pages/2875587269/page-003.html"
"Special-World","SW","2875587269","4","https://steamcommunity.com/sharedfiles/filedetails/changelog/2875587269?p=4&l=english","False","2026-08-15T18:36:57.6966722Z","1494ea8fc6d07f1e8eca36f6d8e2590d12e5d7e0e1c29e2f02dad20c6af410f2","raw-pages/2875587269/page-004.html"
"Special-World","SW","2875587269","5","https://steamcommunity.com/sharedfiles/filedetails/changelog/2875587269?p=5&l=english","False","2026-08-15T18:37:02.9245452Z","684cb6fa2cb454cbbcfa0bcc124b88dab93b93ed00df93ae1e020448526e39e6","raw-pages/2875587269/page-005.html"
"Special-World","SW","2875587269","6","https://steamcommunity.com/sharedfiles/filedetails/changelog/2875587269?p=6&l=english","False","2026-08-15T18:37:08.0630267Z","1f2b2c8bf79ad7b372188a7629425f74fecc1335ef74bb03b2a6c4e227d64e66","raw-pages/2875587269/page-006.html"
"Special-World","SW","2875587269","7","https://steamcommunity.com/sharedfiles/filedetails/changelog/2875587269?p=7&l=english","False","2026-08-15T18:37:13.1647054Z","8816527a6bd3e0707347b00cf16d00a1ff149a896f19f5f1c9e0911a00fc0ecb","raw-pages/2875587269/page-007.html"
"Special-World","SW","2875587269","8","https://steamcommunity.com/sharedfiles/filedetails/changelog/2875587269?p=8&l=english","False","2026-08-15T18:37:18.5839228Z","634560cfd852e7b113e58be902dc55d6a2b253675e0e8cb6207391465db185e8","raw-pages/2875587269/page-008.html"
"Special-World","SW","2875587269","9","https://steamcommunity.com/sharedfiles/filedetails/changelog/2875587269?p=9&l=english","False","2026-08-15T18:37:23.6488178Z","0f80e202852378f3fc163160628798078017800c1def43d8779fde59af658648","raw-pages/2875587269/page-009.html"
"Special-World","SW","2875587269","10","https://steamcommunity.com/sharedfiles/filedetails/changelog/2875587269?p=10&l=english","False","2026-08-15T18:37:29.6675021Z","480df87d0d4063e7ca8b7db0754b3c25e5d56df1c6748539ce2adf2b38bb3454","raw-pages/2875587269/page-010.html"
"Special-World","SW","2875587269","11","https://steamcommunity.com/sharedfiles/filedetails/changelog/2875587269?p=11&l=english","False","2026-08-15T18:37:34.5941423Z","0c44ad838ebe28e0eeb6c13a74a127b3930855d1905489df365642bd4d54d7fd","raw-pages/2875587269/page-011.html"
"Special-World","SW","2875587269","12","https://steamcommunity.com/sharedfiles/filedetails/changelog/2875587269?p=12&l=english","False","2026-08-15T18:37:40.1287992Z","5e280446d9629f0cda22a3c1990aec0711f9300cef0283765980fd3a1efe5c19","raw-pages/2875587269/page-012.html"
"Special-World","SW","2875587269","13","https://steamcommunity.com/sharedfiles/filedetails/changelog/2875587269?p=13&l=english","False","2026-08-15T18:37:45.3485369Z","937944edbb926bcdeea1a8a9ef089aeddb9cdd8ccc2b25412c0b5737add9eed3","raw-pages/2875587269/page-013.html"
"Special-World","SW","2875587269","14","https://steamcommunity.com/sharedfiles/filedetails/changelog/2875587269?p=14&l=english","False","2026-08-15T18:46:54.6610642Z","8b6047bb9de0d14027322aa06f0b474d003b746e5cd07be80734c60c4e6c23a9","raw-pages/2875587269/page-014.html"
"Special-World","SW","2875587269","15","https://steamcommunity.com/sharedfiles/filedetails/changelog/2875587269?p=15&l=english","False","2026-08-15T18:47:00.9325342Z","1e1207bd191caf992182ff6bdc2efca0b4e0b6b1f5aea224d6cd152717089185","raw-pages/2875587269/page-015.html"
"Special-World","SW","2875587269","16","https://steamcommunity.com/sharedfiles/filedetails/changelog/2875587269?p=16&l=english","False","2026-08-15T18:47:05.6059216Z","e26e0cf0c97e4c8e51f721d94bb49ddc4e9ce287f12330d22a9b569d0b401b55","raw-pages/2875587269/page-016.html"
"Special-World","SW","2875587269","17","https://steamcommunity.com/sharedfiles/filedetails/changelog/2875587269?p=17&l=english","False","2026-08-15T18:47:11.6888780Z","19b5a3e68c2f4f871b055cd9dcd98ae09c1da27fbe223731e67cb01dfb836ba9","raw-pages/2875587269/page-017.html"
"Special-World","SW","2875587269","18","https://steamcommunity.com/sharedfiles/filedetails/changelog/2875587269?p=18&l=english","False","2026-08-15T18:47:16.7087012Z","42bf84c6191714242a9eb907a597d5a4ef1bb91a27a810c276401c7c4e371b84","raw-pages/2875587269/page-018.html"
"Special-World","SW","2875587269","19","https://steamcommunity.com/sharedfiles/filedetails/changelog/2875587269?p=19&l=english","False","2026-08-15T18:47:21.3692414Z","474db9f23b45934c8eb4d6e5f68b77aa0b2958fb0ac50a292685bb17436f32c1","raw-pages/2875587269/page-019.html"
"Special-World","SW","2875587269","20","https://steamcommunity.com/sharedfiles/filedetails/changelog/2875587269?p=20&l=english","False","2026-08-15T18:47:26.6543635Z","44a86494176129f1b586533b07043ee7f813029af78a2e0e31687264624bf778","raw-pages/2875587269/page-020.html"
"Special-World","SW","2875587269","21","https://steamcommunity.com/sharedfiles/filedetails/changelog/2875587269?p=21&l=english","False","2026-08-15T18:47:31.7051917Z","ea8af1bd35a4c10eda993756f08ddc2204b993c71f5154096ff84f307da2f7e4","raw-pages/2875587269/page-021.html"
"Special-World","SW","2875587269","22","https://steamcommunity.com/sharedfiles/filedetails/changelog/2875587269?p=22&l=english","False","2026-08-15T18:47:37.9974513Z","64809e5e8a2bfcfcd7b9032f2413ec680a75de5c50a65ecc62a9316a059bc733","raw-pages/2875587269/page-022.html"
"Special-World","SW","2875587269","23","https://steamcommunity.com/sharedfiles/filedetails/changelog/2875587269?p=23&l=english","False","2026-08-15T18:47:43.6130250Z","ae2515e5b4c6c22370af948ea2ba872aeca204309bcfcb42a53dea2bb54e813d","raw-pages/2875587269/page-023.html"
"Special-World","SW","2875587269","24","https://steamcommunity.com/sharedfiles/filedetails/changelog/2875587269?p=24&l=english","False","2026-08-15T18:47:48.4743314Z","bc36e28260691c345a2e2c4d67050c6a9953cafc4be184277e58afeccc6dc965","raw-pages/2875587269/page-024.html"
"Special-World","SW","2875587269","25","https://steamcommunity.com/sharedfiles/filedetails/changelog/2875587269?p=25&l=english","False","2026-08-15T18:47:54.3682881Z","80c835e71c828ac8e13d57d6afc75051729f4e553978f5a8001ac35a91b3b743","raw-pages/2875587269/page-025.html"
"Special-World","SW","2875587269","26","https://steamcommunity.com/sharedfiles/filedetails/changelog/2875587269?p=26&l=english","False","2026-08-15T18:48:00.0827948Z","93a5c00191736a857ec6955c0e0ad67b8678c2b27ea9e00e598caccc97e87122","raw-pages/2875587269/page-026.html"
"Special-World","SW","2875587269","27","https://steamcommunity.com/sharedfiles/filedetails/changelog/2875587269?p=27&l=english","False","2026-08-15T18:48:04.7453655Z","e725f98c6397bb93cdd224b726a5160811150d8c9048fdf65fbfefe831cde248","raw-pages/2875587269/page-027.html"
"Special-World","SW","2875587269","28","https://steamcommunity.com/sharedfiles/filedetails/changelog/2875587269?p=28&l=english","False","2026-08-15T18:48:10.1213512Z","dde83e37e437fe292bc5c97f6f1ca8144914f97dda1b8bb89f67179e09680e9a","raw-pages/2875587269/page-028.html"
"Special-World","SW","2875587269","29","https://steamcommunity.com/sharedfiles/filedetails/changelog/2875587269?p=29&l=english","False","2026-08-15T18:48:15.5614665Z","95b194f298d073707397eb10bd0053d677191adee8d91a2a5121d23cfede7f1c","raw-pages/2875587269/page-029.html"
"Special-World","SW","2875587269","30","https://steamcommunity.com/sharedfiles/filedetails/changelog/2875587269?p=30&l=english","False","2026-08-15T18:48:21.7658687Z","7807229c276be643dc47700ac1dbc681df0fbbcec4e6e053fdec103edcd7f199","raw-pages/2875587269/page-030.html"
"Special-World","SW","2875587269","31","https://steamcommunity.com/sharedfiles/filedetails/changelog/2875587269?p=31&l=english","False","2026-08-15T18:48:26.7960535Z","cadf3ded783a35451923e33aa6890e2da3ee3ad01072792c49ab766145642733","raw-pages/2875587269/page-031.html"
"Special-World","SW","2875587269","32","https://steamcommunity.com/sharedfiles/filedetails/changelog/2875587269?p=32&l=english","False","2026-08-15T18:48:33.3957650Z","8380de847fc24adfe4b3f554002ab1d56d2481ab8350a0db95c89714dd8b5a5a","raw-pages/2875587269/page-032.html"
"Special-World","SW","2875587269","33","https://steamcommunity.com/sharedfiles/filedetails/changelog/2875587269?p=33&l=english","False","2026-08-15T18:48:38.6210818Z","92a27190ad1afece46b040a1ca1ba720a2e20a8df5c92f7980539109f6d3796f","raw-pages/2875587269/page-033.html"
"Special-World","SW","2875587269","34","https://steamcommunity.com/sharedfiles/filedetails/changelog/2875587269?p=34&l=english","False","2026-08-15T18:57:47.5562536Z","0d374917761fa961d06fd3b7444a7daf5c64ef456e1dc35d8086186489824c08","raw-pages/2875587269/page-034.html"
"Special-World","SW","2875587269","35","https://steamcommunity.com/sharedfiles/filedetails/changelog/2875587269?p=35&l=english","False","2026-08-15T18:57:53.4127605Z","bd62d77c4ed3facd56189e2158c6732e106ea50f4cc6ea87eae32f673e5a9aaa","raw-pages/2875587269/page-035.html"
"Special-World","SW","2875587269","36","https://steamcommunity.com/sharedfiles/filedetails/changelog/2875587269?p=36&l=english","False","2026-08-15T18:57:58.9643802Z","c4995e36a1f1b3fa26cfa9c3d80e987de947f513d47b93f55aff4a42e847814b","raw-pages/2875587269/page-036.html"
"Special-World","SW","2875587269","37","https://steamcommunity.com/sharedfiles/filedetails/changelog/2875587269?p=37&l=english","False","2026-08-15T18:58:04.8478278Z","00bbbbd5acdce27d36ea3e1818a884b9d9851d7c4e6b3fee2d7fa983e7dbca36","raw-pages/2875587269/page-037.html"
"Special-World","SW","2875587269","38","https://steamcommunity.com/sharedfiles/filedetails/changelog/2875587269?p=38&l=english","False","2026-08-15T18:58:10.1776640Z","081220e756e5ab6998b9567a7ebf6ac8b19064e742c4ebeb6a04d845316306c4","raw-pages/2875587269/page-038.html"
"Special-World","SW","2875587269","39","https://steamcommunity.com/sharedfiles/filedetails/changelog/2875587269?p=39&l=english","False","2026-08-15T18:58:16.2548939Z","bd50e8073dde4fc9f9f990e0098604ec269b3eb419613c10358bec54cf743309","raw-pages/2875587269/page-039.html"
"Special-World","SW","2875587269","40","https://steamcommunity.com/sharedfiles/filedetails/changelog/2875587269?p=40&l=english","False","2026-08-15T18:58:22.7014719Z","e4f593caf886ee8d1b7e381a9a9017c7cbfc0aa08fddc0f12c9bf0bbdb552ff6","raw-pages/2875587269/page-040.html"
"Special-World","SW","2875587269","41","https://steamcommunity.com/sharedfiles/filedetails/changelog/2875587269?p=41&l=english","False","2026-08-15T18:58:28.5878018Z","a7c3b983da60a3ff955c69c786dd04007a4ad6085e6266fa43e37115b10dc751","raw-pages/2875587269/page-041.html"
"Special-World","SW","2875587269","42","https://steamcommunity.com/sharedfiles/filedetails/changelog/2875587269?p=42&l=english","False","2026-08-15T18:58:34.4827727Z","9cde1f327cdc4a9b6a0ff35e828787c288d6b31925c58d8a52ea1e130d085154","raw-pages/2875587269/page-042.html"
"Special-World","SW","2875587269","43","https://steamcommunity.com/sharedfiles/filedetails/changelog/2875587269?p=43&l=english","False","2026-08-15T18:58:39.3426500Z","9334fc0b5f88e2094aa46649b59fcd1c2d5ce10ccf08e24576b675d6fa727c5e","raw-pages/2875587269/page-043.html"
"Special-World","SW","2875587269","44","https://steamcommunity.com/sharedfiles/filedetails/changelog/2875587269?p=44&l=english","False","2026-08-15T18:58:44.2262544Z","66b2dbd78a1affa32a0d79ee34d294e6570023afb20cde07833669c051138d26","raw-pages/2875587269/page-044.html"
"Special-World","SW","2875587269","45","https://steamcommunity.com/sharedfiles/filedetails/changelog/2875587269?p=45&l=english","False","2026-08-15T18:58:49.2372133Z","0617a3c21cf6bf0af9be2322d492117e5c609a618db38cde59d480e0aee98f51","raw-pages/2875587269/page-045.html"
"Special-World","SW","2875587269","46","https://steamcommunity.com/sharedfiles/filedetails/changelog/2875587269?p=46&l=english","False","2026-08-15T18:58:54.6202650Z","55f047f8e39a32cedb0cdc13065aea01e911a479eef4d0d886f090100807574a","raw-pages/2875587269/page-046.html"
"Special-World","SW","2875587269","47","https://steamcommunity.com/sharedfiles/filedetails/changelog/2875587269?p=47&l=english","False","2026-08-15T18:59:00.7730797Z","289fdd069fbbe6475a1b55e1163a6e3548fce7a838d649188a78a500b548efdf","raw-pages/2875587269/page-047.html"
"Turkic-World-Expanded","TWE","3668769244","1","https://steamcommunity.com/sharedfiles/filedetails/changelog/3668769244?p=1&l=english","False","2026-08-15T18:59:07.3461611Z","ee517b460a192af65c2fe4d3cba5375d0f1ed3258d856d66a8509bfe27f87aaa","raw-pages/3668769244/page-001.html"
"Western-Steppe-Expanded","WSE","3490396842","1","https://steamcommunity.com/sharedfiles/filedetails/changelog/3490396842?p=1&l=english","False","2026-08-15T18:59:12.1405540Z","aced785d7db79f3f1594ac1654118afe5b19057d5d5a9f173d33240720667882","raw-pages/3490396842/page-001.html"
"Western-Steppe-Expanded","WSE","3490396842","2","https://steamcommunity.com/sharedfiles/filedetails/changelog/3490396842?p=2&l=english","False","2026-08-15T18:59:16.8422657Z","4dd9c8337278b65c91218b2d2087c6f447d2c327b55a76abaadf98e1fd72f5f4","raw-pages/3490396842/page-002.html"
"Western-Steppe-Expanded","WSE","3490396842","3","https://steamcommunity.com/sharedfiles/filedetails/changelog/3490396842?p=3&l=english","False","2026-08-15T18:59:22.9243957Z","ce3d7d8cfade6f0fe967d61864efa6769836a99aec64b7e650c5825d3e89fe9c","raw-pages/3490396842/page-003.html"
