"Repo","Abbreviation","WorkshopId","SkymodsRevisionKey","SkymodsRawDisplayedTime","SkymodsNormalizedUtcTime","ModsbasePageUrl","DownloadMethod","ArchiveCachePath","ArchiveBytes","ArchiveMiB","ArchiveSha256","ArchiveFileCount","ArchiveRootSelection"
"Community-Flavor-Pack","CFP","2220098919","2220098919|3","12 Nov, 2025 at 20:36 UTC","2025-11-12 20:36","https://modsbase.com/61q8e7dy4df3/2220098919_Community_Flavor_Pack.zip.html","CHROME_CDP","analysis/cache/09-first-pass-archive-verification/archives/2220098919_3.zip","1039862786","991,69","2fda79b5c4bc80de76c37a7a35ebd266a78546edca0512f53658882a073114ed","3073","EXPECTED_WORKSHOP_ID"
"Culture-and-Faith-Granularity","CFG","3206891770","3206891770|2","14 Nov, 2025 at 19:43 UTC","2025-11-14 19:43","https://modsbase.com/27ckb5ypg3ls/3206891770__Kei__Culture_and_Faith_Granularity.zip.html","ANALYSIS08_CACHE","analysis/cache/09-first-pass-archive-verification/archives/3206891770_2.zip","1127292","1,075","cb2d37d94e98c95a4597af10e2b28798e486343349a56dccc71c1896c5f05ccc","246","EXPECTED_WORKSHOP_ID"
"Culture-and-Faith-Granularity","CFG","3206891770","3206891770|11","9 Oct, 2024 at 18:28 UTC","2024-10-09 18:28","https://modsbase.com/1gafdql4u6rd/3206891770__Kei__Culture_and_Faith_Granularity_-_1.4.0___40_CK_1.13.___41_.zip.html","CHROME_CDP","analysis/cache/09-first-pass-archive-verification/archives/3206891770_11.zip","1048948","1","333b11faf92e3bf83a97a79fe6404d57603028fe026bff6f2612542b6669b3d2","231","EXPECTED_WORKSHOP_ID"
"Culture-Expanded","CE","2829397295","2829397295|2","10 May at 05:30 UTC","2026-05-10 05:30","https://modsbase.com/fq40mr4kpv24/2829397295_Culture_Expanded.zip.html","CHROME_CDP","analysis/cache/09-first-pass-archive-verification/archives/2829397295_2.zip","16842011","16,062","633492efc35793be4629f85e74325ca4842abe4bb9c8412a0e7b0aa441edb390","793","EXPECTED_WORKSHOP_ID"
"Culture-Expanded","CE","2829397295","2829397295|3","26 Apr at 18:08 UTC","2026-04-26 18:08","https://modsbase.com/uw211c5pdxon/2829397295_Culture_Expanded.zip.html","ANALYSIS08_CACHE","analysis/cache/09-first-pass-archive-verification/archives/2829397295_3.zip","16097297","15,352","da28c5050f2e552bf2a0e914218b963e8e68ea0340edb89d89b045c7f37e0798","793","EXPECTED_WORKSHOP_ID"
"EPE-CFP","EPE-CFP","2996881191","2996881191|3","28 Apr at 12:48 UTC","2026-04-28 12:48","https://modsbase.com/rjwvsg632vic/2996881191_CFP___EPE_Compatibility_Patch.zip.html","ANALYSIS08_CACHE","analysis/cache/09-first-pass-archive-verification/archives/2996881191_3.zip","822849","0,785","013cb80cef1d3a2bd2b2682574e4d5f3f46be48c46054dd3f8b577baaf3cade8","48","EXPECTED_WORKSHOP_ID"
"EPE-CFP","EPE-CFP","2996881191","2996881191|6","15 Dec, 2025 at 12:53 UTC","2025-12-15 12:53","https://modsbase.com/uuzk6p3u464b/2996881191_CFP___EPE_Compatibility_Patch.zip.html","CHROME_CDP","analysis/cache/09-first-pass-archive-verification/archives/2996881191_6.zip","795812","0,759","512e0bad8d31063278a2a176d40a4bd40b1b9a0cbba102659e98b2c0b26458fd","40","EXPECTED_WORKSHOP_ID"
"EPE-CFP","EPE-CFP","2996881191","2996881191|7","14 Dec, 2025 at 21:13 UTC","2025-12-14 21:13","https://modsbase.com/3e7d5b19qcjg/2996881191_CFP___EPE_Compatibility_Patch.zip.html","CHROME_CDP","analysis/cache/09-first-pass-archive-verification/archives/2996881191_7.zip","817378","0,78","f8982f70f2bc83986a61e8a3344f75ae0a31933010cfa4876c69653aab67fd5c","41","EXPECTED_WORKSHOP_ID"
"EPE-CFP","EPE-CFP","2996881191","2996881191|8","18 Nov, 2025 at 19:39 UTC","2025-11-18 19:39","https://modsbase.com/p20p4s4qq5uq/2996881191_CFP___EPE_Compatibility_Patch.zip.html","CHROME_CDP","analysis/cache/09-first-pass-archive-verification/archives/2996881191_8.zip","784825","0,748","a8222e1d4c723d5598aa41725ac039367af6055051577176f14605ae5fb8e92c","36","EXPECTED_WORKSHOP_ID"
"EPE-CFP","EPE-CFP","2996881191","2996881191|9","12 Nov, 2025 at 13:52 UTC","2025-11-12 13:52","https://modsbase.com/rfsfv9wuf2ep/2996881191_CFP___EPE_Compatibility_Patch.zip.html","CHROME_CDP","analysis/cache/09-first-pass-archive-verification/archives/2996881191_9.zip","783440","0,747","333dd765e0f6536f1b354547b290e36a8e451393c8302fd71154b8fa01f6a223","33","EXPECTED_WORKSHOP_ID"
"Ethnicities-and-Portraits-Expanded","EPE","2507209632","2507209632|3","28 Apr at 04:05 UTC","2026-04-28 04:05","https://modsbase.com/1hm9i1lbdwhu/2507209632_Ethnicities___Portraits_Expanded.zip.html","CHROME_CDP","analysis/cache/09-first-pass-archive-verification/archives/2507209632_3.zip","1663459291","1586,398","b9773fc694ad793b4f74be2ab7bb409119f22788aa5ad12cbd70cd0f468a33cc","9626","EXPECTED_WORKSHOP_ID"
"Ethnicities-and-Portraits-Expanded","EPE","2507209632","2507209632|4","19 Mar at 02:48 UTC","2026-03-19 02:48","https://modsbase.com/tg2th2hrvxch/2507209632_Ethnicities___Portraits_Expanded.zip.html","CHROME_CDP","analysis/cache/09-first-pass-archive-verification/archives/2507209632_4.zip","1658687115","1581,847","c27ef982ba62ba6e6ffb2900b6e4ef4786ca268bbf1a7e2e606a894eaf0f325f","9583","EXPECTED_WORKSHOP_ID"
"Ethnicities-and-Portraits-Expanded","EPE","2507209632","2507209632|7","15 Dec, 2025 at 02:59 UTC","2025-12-15 02:59","https://modsbase.com/olcppu8hsmb9/2507209632_Ethnicities___Portraits_Expanded.zip.html","CHROME_CDP","analysis/cache/09-first-pass-archive-verification/archives/2507209632_7.zip","1603080849","1528,817","1834f10496230b4957fa15fa73661dcb538af40d890aba320e1793176fec21d3","9392","EXPECTED_WORKSHOP_ID"
"Ethnicities-and-Portraits-Expanded","EPE","2507209632","2507209632|8","18 Nov, 2025 at 03:25 UTC","2025-11-18 03:25","https://modsbase.com/m7fo2c6yy6gu/2507209632_Ethnicities___Portraits_Expanded.zip.html","CHROME_CDP","analysis/cache/09-first-pass-archive-verification/archives/2507209632_8.zip","1594696132","1520,821","7ee59b0a3c0a8459a298f9b466bf87f43aa7c9447c50ecbf7c0d91d3b0dfe384","9333","EXPECTED_WORKSHOP_ID"
"Ethnicities-and-Portraits-Expanded","EPE","2507209632","2507209632|9","10 Nov, 2025 at 22:47 UTC","2025-11-10 22:47","https://modsbase.com/aq5b2ud03roj/2507209632_Ethnicities___Portraits_Expanded.zip.html","CHROME_CDP","analysis/cache/09-first-pass-archive-verification/archives/2507209632_9.zip","1592487028","1518,714","b8551ccd90df77550b96c73424efec8ede854d674495a2a118d0690e8e99aedd","9321","EXPECTED_WORKSHOP_ID"
"MBP-EPE-CFP","MBP-EPE-CFP","2543865921","2543865921|3","13 Mar at 04:46 UTC","2026-03-13 04:46","https://modsbase.com/8cvmt9250w77/2543865921_MB___EPE_CFP.zip.html","ANALYSIS08_CACHE","analysis/cache/09-first-pass-archive-verification/archives/2543865921_3.zip","1201634","1,146","46cf8459443da6108268d72be63d666804d25f2fae409bb5df90cbb9e5ce7584","316","EXPECTED_WORKSHOP_ID"
"MPE","MPE","3726274827","3726274827|2","10 Jul at 07:39 UTC","2026-07-10 07:39","https://modsbase.com/ozqvpzck2zeq/3726274827_MPE_for_AUH_-beta.zip.html","CHROME_CDP","analysis/cache/09-first-pass-archive-verification/archives/3726274827_2.zip","59022528","56,288","9135bce9f6b8133a9db25f8c5334946c233f9c326dec2b594fce2e9151f6b535","5668","EXPECTED_WORKSHOP_ID"
"MPE","MPE","3726274827","3726274827|4","21 May at 05:40 UTC","2026-05-21 05:40","https://modsbase.com/ktxf2lhbk3wd/3726274827_MPE_for_AUH_-beta.zip.html","CHROME_CDP","analysis/cache/09-first-pass-archive-verification/archives/3726274827_4.zip","59495773","56,74","49e4abef6771d21dcddfc679d29a7925f7021b24fea3ba9dd1337810b962f2e2","5639","EXPECTED_WORKSHOP_ID"
"MPE","MPE","3726274827","3726274827|5","17 May at 09:34 UTC","2026-05-17 09:34","https://modsbase.com/fikx718bjfc3/3726274827_MPE_for_AUH_-beta.zip.html","CHROME_CDP","analysis/cache/09-first-pass-archive-verification/archives/3726274827_5.zip","58643250","55,927","04097b7a7de14fafa9ae4543784044dc3c88439ea66575c0f149a0a989ad61e1","5631","EXPECTED_WORKSHOP_ID"
"RICE","RICE","2273832430","2273832430|1","26 Jul at 19:25 UTC","2026-07-26 19:25","https://modsbase.com/736skdu5927p/2273832430_Regional_Immersion_and_Cultural_Enrichment___40_RICE__41_.zip.html","CHROME_CDP","analysis/cache/09-first-pass-archive-verification/archives/2273832430_1.zip","843301084","804,235","48001e9c501a03f094dac84d0fa72f2145c2a61055deb6f1843c61aa773e5609","4418","EXPECTED_WORKSHOP_ID"
"RICE","RICE","2273832430","2273832430|2","10 Jul at 18:40 UTC","2026-07-10 18:40","https://modsbase.com/7lseipc8ntnr/2273832430_Regional_Immersion_and_Cultural_Enrichment___40_RICE__41_.zip.html","CHROME_CDP","analysis/cache/09-first-pass-archive-verification/archives/2273832430_2.zip","842512000","803,482","37ecae29570b75a882cd119ca9dadca796c0ddd4b9d58c23b83111d30197e3e4","4420","EXPECTED_WORKSHOP_ID"
"RICE","RICE","2273832430","2273832430|3","15 May at 20:16 UTC","2026-05-15 20:16","https://modsbase.com/7a326n6huexz/2273832430_Regional_Immersion_and_Cultural_Enrichment___40_RICE__41_.zip.html","CHROME_CDP","analysis/cache/09-first-pass-archive-verification/archives/2273832430_3.zip","835864893","797,143","43da75962959d987834620c0637188494593629ba069c92508e6bde6a114c441","4328","EXPECTED_WORKSHOP_ID"
"RICE","RICE","2273832430","2273832430|4","2 May at 22:53 UTC","2026-05-02 22:53","https://modsbase.com/znh2er7kc3na/2273832430_Regional_Immersion_and_Cultural_Enrichment___40_RICE__41_.zip.html","CHROME_CDP","analysis/cache/09-first-pass-archive-verification/archives/2273832430_4.zip","822621101","784,513","1dacf3052a26d8fc17800976ec016d50c58476c3dd80cb4ee20fd166944078dd","4318","EXPECTED_WORKSHOP_ID"
"RICE","RICE","2273832430","2273832430|5","28 Mar at 17:29 UTC","2026-03-28 17:29","https://modsbase.com/8ik6kdbwiiv4/2273832430_Regional_Immersion_and_Cultural_Enrichment___40_RICE__41_.zip.html","CHROME_CDP","analysis/cache/09-first-pass-archive-verification/archives/2273832430_5.zip","821261487","783,216","d9e5b3b686cbfef2b8657eb5a6003f72e86eed97d813c7668348845c8d24ea23","4112","EXPECTED_WORKSHOP_ID"
"RICE","RICE","2273832430","2273832430|6","10 Feb at 06:48 UTC","2026-02-10 06:48","https://modsbase.com/5pri41cwutdm/2273832430_Regional_Immersion_and_Cultural_Enrichment___40_RICE__41_.zip.html","CHROME_CDP","analysis/cache/09-first-pass-archive-verification/archives/2273832430_6.zip","820621173","782,605","2b5d1b6a682f70817510a18d0e846531a4bb30c70cee1373280da59893cf9cf4","4059","EXPECTED_WORKSHOP_ID"
"RICE","RICE","2273832430","2273832430|7","7 Feb at 21:01 UTC","2026-02-07 21:01","https://modsbase.com/t58kunxjf7hc/2273832430_Regional_Immersion_and_Cultural_Enrichment___40_RICE__41_.zip.html","CHROME_CDP","analysis/cache/09-first-pass-archive-verification/archives/2273832430_7.zip","820644076","782,627","a9dc6271206885ffb439ea47ca2f212a01e3023d7706592cdff5e0c294cf1143","4060","EXPECTED_WORKSHOP_ID"
"RICE","RICE","2273832430","2273832430|8","2 Feb at 08:04 UTC","2026-02-02 08:04","https://modsbase.com/4jhv6hims2uw/2273832430_Regional_Immersion_and_Cultural_Enrichment___40_RICE__41_.zip.html","CHROME_CDP","analysis/cache/09-first-pass-archive-verification/archives/2273832430_8.zip","820491301","782,481","0486bf28ef1109b3887076b3e7de5e7e06c481dfbe3b66f77db9e1bfbc57ff69","4052","EXPECTED_WORKSHOP_ID"
"RICE","RICE","2273832430","2273832430|9","18 Dec, 2025 at 06:03 UTC","2025-12-18 06:03","https://modsbase.com/fkuaotc0iku5/2273832430_Regional_Immersion_and_Cultural_Enrichment___40_RICE__41_.zip.html","CHROME_CDP","analysis/cache/09-first-pass-archive-verification/archives/2273832430_9.zip","794404772","757,603","6eafefa2bbbf63640346d36dc11a10f627974d292377535b6cc5e8dde5ebec0e","3970","EXPECTED_WORKSHOP_ID"
"RICE","RICE","2273832430","2273832430|10","14 Dec, 2025 at 06:59 UTC","2025-12-14 06:59","https://modsbase.com/d9u67pxcjoiy/2273832430_Regional_Immersion_and_Cultural_Enrichment___40_RICE__41_.zip.html","CHROME_CDP","analysis/cache/09-first-pass-archive-verification/archives/2273832430_10.zip","794348579","757,55","d99c9cb94a3db2c1d1c910f9c12dddcd35f801ecb14b82f548114523b3b8c32c","3966","EXPECTED_WORKSHOP_ID"
"RICE","RICE","2273832430","2273832430|11","10 Dec, 2025 at 05:39 UTC","2025-12-10 05:39","https://modsbase.com/cugktbuse80e/2273832430_Regional_Immersion_and_Cultural_Enrichment___40_RICE__41_.zip.html","CHROME_CDP","analysis/cache/09-first-pass-archive-verification/archives/2273832430_11.zip","794316933","757,52","1574f2076e9c9816f3a5b4e3272aae47797f1f6466d5d0cc10a44565d6ddf06f","3965","EXPECTED_WORKSHOP_ID"
"RICE","RICE","2273832430","2273832430|29","6 Oct, 2024 at 10:11 UTC","2024-10-06 10:11","https://modsbase.com/zpoaedalnx3p/2273832430_Regional_Immersion_and_Cultural_Enrichment___40_RICE__41_.zip.html","CHROME_CDP","analysis/cache/09-first-pass-archive-verification/archives/2273832430_29.zip","657629990","627,165","9f9b75e0a02fa35631fbbbdaf4448d35b98c264e212041ac125b0364f6ae9f87","2905","EXPECTED_WORKSHOP_ID"
"Special-World","SW","2875587269","2875587269|1","1 Aug at 15:11 UTC","2026-08-01 15:11","https://modsbase.com/rlcac140mlld/2875587269_A_Special_World_-_Special_Building_Compatch.zip.html","CHROME_CDP","analysis/cache/09-first-pass-archive-verification/archives/2875587269_1.zip","1011552727","964,692","297d2cfce298b0dbf31830b123c4f232487cb27bf2e00f7e718a8e840cc8268c","2982","EXPECTED_WORKSHOP_ID"
"Special-World","SW","2875587269","2875587269|2","22 Jul at 01:16 UTC","2026-07-22 01:16","https://modsbase.com/egjv5xsuroc9/2875587269_A_Special_World_-_Special_Building_Compatch.zip.html","CHROME_CDP","analysis/cache/09-first-pass-archive-verification/archives/2875587269_2.zip","1011552727","964,692","297d2cfce298b0dbf31830b123c4f232487cb27bf2e00f7e718a8e840cc8268c","2982","EXPECTED_WORKSHOP_ID"
"Special-World","SW","2875587269","2875587269|3","10 Jul at 19:12 UTC","2026-07-10 19:12","https://modsbase.com/io1o3wevn7v4/2875587269_A_Special_World_-_Special_Building_Compatch.zip.html","CHROME_CDP","analysis/cache/09-first-pass-archive-verification/archives/2875587269_3.zip","1170702936","1116,469","6c323e86ebdcadc59f604202b9bf06cf4da10cc0d498eba76d8a7405ca82a77e","3570","EXPECTED_WORKSHOP_ID"
"Special-World","SW","2875587269","2875587269|5","7 May at 22:20 UTC","2026-05-07 22:20","https://modsbase.com/j7dbgnz4dpx8/2875587269_A_Special_World_-_Special_Building_Compatch.zip.html","CHROME_CDP","analysis/cache/09-first-pass-archive-verification/archives/2875587269_5.zip","1129506651","1077,181","a9b7de71c52be5c849c4dc1e3926351ddb2b6e24cca5801ca59bdaeb700cc373","3563","EXPECTED_WORKSHOP_ID"
"Special-World","SW","2875587269","2875587269|6","3 May at 02:37 UTC","2026-05-03 02:37","https://modsbase.com/l0puk4g8nj8v/2875587269_A_Special_World_-_Special_Building_Compatch.zip.html","CHROME_CDP","analysis/cache/09-first-pass-archive-verification/archives/2875587269_6.zip","1129507048","1077,182","ce1d3409f4de998cfcc6916d73b77824f5c8cf70df4ae861efcbd49828fe462f","3563","EXPECTED_WORKSHOP_ID"
"Special-World","SW","2875587269","2875587269|7","22 Mar at 20:03 UTC","2026-03-22 20:03","https://modsbase.com/jvloum9zfyqw/2875587269_A_Special_World_-_Special_Building_Compatch.zip.html","CHROME_CDP","analysis/cache/09-first-pass-archive-verification/archives/2875587269_7.zip","601326208","573,469","a2a8a509632ab01dfb6fdb7b396637aa11b566e3a9ee3574d8bf41afef970a14","3025","EXPECTED_WORKSHOP_ID"
"Special-World","SW","2875587269","2875587269|8","20 Mar at 21:07 UTC","2026-03-20 21:07","https://modsbase.com/ybm2xn431zs0/2875587269_A_Special_World_-_Special_Building_Compatch.zip.html","CHROME_CDP","analysis/cache/09-first-pass-archive-verification/archives/2875587269_8.zip","601325589","573,469","e1d56be59f56bbd6b6f6358942e39fbf8346340a6326f2497741ea198718fb6e","3025","EXPECTED_WORKSHOP_ID"
"Special-World","SW","2875587269","2875587269|9","14 Mar at 23:20 UTC","2026-03-14 23:20","https://modsbase.com/absneyopuqs5/2875587269_A_Special_World_-_Special_Building_Compatch.zip.html","CHROME_CDP","analysis/cache/09-first-pass-archive-verification/archives/2875587269_9.zip","623410728","594,531","f4dfddfcf5ca94581656ac871e8946896f94df11a5033cab1696e25ff4c7eeeb","3036","EXPECTED_WORKSHOP_ID"
"Special-World","SW","2875587269","2875587269|10","1 Mar at 15:42 UTC","2026-03-01 15:42","https://modsbase.com/xvf8zapknreq/2875587269_A_Special_World_-_Special_Building_Compatch.zip.html","CHROME_CDP","analysis/cache/09-first-pass-archive-verification/archives/2875587269_10.zip","623719528","594,825","d00b6e598a53cfd5b47d1ce55ba014520ca21de43e08ae7397794dbfa309fe95","3037","EXPECTED_WORKSHOP_ID"
"Special-World","SW","2875587269","2875587269|11","22 Feb at 06:54 UTC","2026-02-22 06:54","https://modsbase.com/xjp1l0x5x93l/2875587269_A_Special_World_-_Special_Building_Compatch.zip.html","CHROME_CDP","analysis/cache/09-first-pass-archive-verification/archives/2875587269_11.zip","616261856","587,713","85a9d579355a7234916ac696b6b6766d99dfe39488ff6e78458ec208e9863c80","3032","EXPECTED_WORKSHOP_ID"
"Special-World","SW","2875587269","2875587269|12","3 Feb at 15:40 UTC","2026-02-03 15:40","https://modsbase.com/k8js6flm8l91/2875587269_A_Special_World_-_Special_Building_Compatch.zip.html","CHROME_CDP","analysis/cache/09-first-pass-archive-verification/archives/2875587269_12.zip","572035756","545,536","586b6b744d2416fe71c5e4586d9fb3c11c568a661cb5cd45e23a1176a4164e8f","3001","EXPECTED_WORKSHOP_ID"
"Special-World","SW","2875587269","2875587269|13","26 Jan at 22:10 UTC","2026-01-26 22:10","https://modsbase.com/eeihl211ic92/2875587269_A_Special_World_-_Special_Building_Compatch.zip.html","CHROME_CDP","analysis/cache/09-first-pass-archive-verification/archives/2875587269_13.zip","571824445","545,334","a121419fe763692015ace061b160366e1edca4e84b448b7f3fba9b604a210a3f","2995","EXPECTED_WORKSHOP_ID"
"Special-World","SW","2875587269","2875587269|14","14 Jan at 23:41 UTC","2026-01-14 23:41","https://modsbase.com/yyhbn7p0b5vz/2875587269_A_Special_World_-_Special_Building_Compatch.zip.html","CHROME_CDP","analysis/cache/09-first-pass-archive-verification/archives/2875587269_14.zip","571841982","545,351","b1267838f445d893e55894e1f650ee72ee7d931ae9afe23e6ac7cf73ef33706b","3032","EXPECTED_WORKSHOP_ID"
"Special-World","SW","2875587269","2875587269|15","12 Jan at 04:30 UTC","2026-01-12 04:30","https://modsbase.com/ttmhphdlczph/2875587269_A_Special_World_-_Special_Building_Compatch.zip.html","CHROME_CDP","analysis/cache/09-first-pass-archive-verification/archives/2875587269_15.zip","571841882","545,351","b4b83cf32a8846fbe3cebe2fdd229d2cc5705ed0eda0fb017ea378153b69de55","3032","EXPECTED_WORKSHOP_ID"
"Special-World","SW","2875587269","2875587269|16","31 Dec, 2025 at 22:43 UTC","2025-12-31 22:43","https://modsbase.com/yz8ontr6w1fj/2875587269_A_Special_World_-_Special_Building_Compatch.zip.html","CHROME_CDP","analysis/cache/09-first-pass-archive-verification/archives/2875587269_16.zip","571844678","545,354","9e17e1032bcf21ae9dd32ef67758cb2bd856c322cc5ff8a0bbb49b8ff3a49044","3033","EXPECTED_WORKSHOP_ID"
"Special-World","SW","2875587269","2875587269|17","24 Dec, 2025 at 00:05 UTC","2025-12-24 00:05","https://modsbase.com/q3kk89svgukt/2875587269_A_Special_World_-_Special_Building_Compatch.zip.html","CHROME_CDP","analysis/cache/09-first-pass-archive-verification/archives/2875587269_17.zip","571844608","545,354","b2dad3842df34a507835d06a38e6039d8ae0c1e653221e8f52906c8461d90d46","3033","EXPECTED_WORKSHOP_ID"
"Special-World","SW","2875587269","2875587269|18","10 Dec, 2025 at 19:31 UTC","2025-12-10 19:31","https://modsbase.com/ur6ci7c34x16/2875587269_A_Special_World_-_Special_Building_Compatch.zip.html","CHROME_CDP","analysis/cache/09-first-pass-archive-verification/archives/2875587269_18.zip","571378363","544,909","b34795692a2a0527c802f17944ea62906b3327a06ab6ff540a8e7f3169ad0016","3026","EXPECTED_WORKSHOP_ID"
"Special-World","SW","2875587269","2875587269|19","7 Dec, 2025 at 06:01 UTC","2025-12-07 06:01","https://modsbase.com/qb2f75hd4bd7/2875587269_A_Special_World_-_Special_Building_Compatch.zip.html","CHROME_CDP","analysis/cache/09-first-pass-archive-verification/archives/2875587269_19.zip","571378080","544,909","1ba25e0ba9cda9c9cc9ac7ec4f5fa06c9bd5f9466585794456e138d77b71c2cf","3026","EXPECTED_WORKSHOP_ID"
"Special-World","SW","2875587269","2875587269|23","27 Oct, 2025 at 05:02 UTC","2025-10-27 05:02","https://modsbase.com/n95yvy2y05sz/2875587269_A_Special_World_-_Special_Building_Compatch.zip.html","CHROME_CDP","analysis/cache/09-first-pass-archive-verification/archives/2875587269_23.zip","558927961","533,035","17c8f4451519a4313a9385501f617b78bf8c56fb5199d972248aec756f2e83c7","2988","EXPECTED_WORKSHOP_ID"
"Special-World","SW","2875587269","2875587269|24","23 Oct, 2025 at 01:58 UTC","2025-10-23 01:58","https://modsbase.com/a7kgtk43c1up/2875587269_A_Special_World_-_Special_Building_Compatch.zip.html","CHROME_CDP","analysis/cache/09-first-pass-archive-verification/archives/2875587269_24.zip","558921407","533,029","e5012975bc443316b79c82b9554063df88219121330a955584ed566cbd0bf171","2987","EXPECTED_WORKSHOP_ID"
"Special-World","SW","2875587269","2875587269|25","18 Sep, 2025 at 00:13 UTC","2025-09-18 00:13","https://modsbase.com/y64oflz3gv5l/2875587269_A_Special_World_-_Special_Building_Compatch.zip.html","CHROME_CDP","analysis/cache/09-first-pass-archive-verification/archives/2875587269_25.zip","600805386","572,973","905c73f1a29fa981d2eb573d1c1f40c80d393c4d58d74a112cee06ec33ebd8f0","3175","EXPECTED_WORKSHOP_ID"
