"Repo","Abbreviation","WorkshopId","SkymodsRevisionKey","VerificationPriority","State","AttemptCount","CompletedAt","VerificationStatus","MatchedGitCommitShas","DownloadMethod","ErrorMessage"
"Community-Flavor-Pack","CFP","2220098919","2220098919|3","P0_AMBIGUOUS","COMPLETE","2","08/19/2026 00:38:09","UNIQUE_PROJECTED_GIT_MATCH","115aefd26240f208fe4a9ce7ab3c867ca1e6a8ea","CHROME_CDP",""
"Culture-and-Faith-Granularity","CFG","3206891770","3206891770|2","P0_AMBIGUOUS","COMPLETE","2","08/19/2026 00:35:22","UNIQUE_PROJECTED_GIT_MATCH","2e2602f56ee08890cc915690989b121c299ca8d0","ANALYSIS08_CACHE",""
"Culture-and-Faith-Granularity","CFG","3206891770","3206891770|11","P0_AMBIGUOUS","COMPLETE","2","08/19/2026 00:38:34","NO_PROJECTED_GIT_MATCH","","CHROME_CDP",""
"Culture-Expanded","CE","2829397295","2829397295|2","P0_AMBIGUOUS","COMPLETE","2","08/19/2026 00:39:36","UNIQUE_PROJECTED_GIT_MATCH","0804f6a73ecb93a2bfc8b048ae2730c242388a92","CHROME_CDP",""
"Culture-Expanded","CE","2829397295","2829397295|3","P0_AMBIGUOUS","COMPLETE","2","08/19/2026 00:36:27","UNIQUE_PROJECTED_GIT_MATCH","8a0cffb5c6f82b7addeb8e91e25799b95d3689ae","ANALYSIS08_CACHE",""
"EPE-CFP","EPE-CFP","2996881191","2996881191|3","P0_AMBIGUOUS","COMPLETE","2","08/19/2026 00:36:32","UNIQUE_PROJECTED_GIT_MATCH","dbebe469551c494e9481693a5ef74dcc847c77b7","ANALYSIS08_CACHE",""
"EPE-CFP","EPE-CFP","2996881191","2996881191|6","P0_AMBIGUOUS","COMPLETE","2","08/19/2026 00:39:40","UNIQUE_PROJECTED_GIT_MATCH","25284d7351b6cdc292cdccb3ceed15ef5336622f","CHROME_CDP",""
"EPE-CFP","EPE-CFP","2996881191","2996881191|7","P0_AMBIGUOUS","COMPLETE","2","08/19/2026 00:39:44","NO_PROJECTED_GIT_MATCH","","CHROME_CDP",""
"EPE-CFP","EPE-CFP","2996881191","2996881191|8","P0_AMBIGUOUS","COMPLETE","2","08/19/2026 00:39:48","UNIQUE_PROJECTED_GIT_MATCH","4ce6ce712925f0b928664bfbda395ca2b98fda0d","CHROME_CDP",""
"EPE-CFP","EPE-CFP","2996881191","2996881191|9","P0_AMBIGUOUS","COMPLETE","2","08/19/2026 00:39:51","UNIQUE_PROJECTED_GIT_MATCH","821c8f1f68c5aa8245e3653bff2d275e2a43fd3f","CHROME_CDP",""
"Ethnicities-and-Portraits-Expanded","EPE","2507209632","2507209632|3","P0_AMBIGUOUS","COMPLETE","2","08/19/2026 00:48:31","UNIQUE_PROJECTED_GIT_MATCH","89af2c6f05c3e771a5d540012639759e8bdbb804","CHROME_CDP",""
"Ethnicities-and-Portraits-Expanded","EPE","2507209632","2507209632|4","P0_AMBIGUOUS","COMPLETE","1","08/19/2026 01:46:05","MULTIPLE_PROJECTED_GIT_MATCHES","01623125ad685892e015bde075febb957368e178|e22986746fdb4b6cca0724d22e5a4089c1ada711","CHROME_CDP",""
"Ethnicities-and-Portraits-Expanded","EPE","2507209632","2507209632|7","P0_AMBIGUOUS","COMPLETE","1","08/19/2026 02:03:23","UNIQUE_PROJECTED_GIT_MATCH","bea606d31f179e2f4e6552ab88b613bbe6bf4619","CHROME_CDP",""
"Ethnicities-and-Portraits-Expanded","EPE","2507209632","2507209632|8","P0_AMBIGUOUS","COMPLETE","1","08/19/2026 02:19:29","UNIQUE_PROJECTED_GIT_MATCH","541b16c138e3574ce547b5a4a43ef3cfdf215854","CHROME_CDP",""
"Ethnicities-and-Portraits-Expanded","EPE","2507209632","2507209632|9","P0_AMBIGUOUS","COMPLETE","1","08/19/2026 02:34:32","NO_PROJECTED_GIT_MATCH","","CHROME_CDP",""
"MBP-EPE-CFP","MBP-EPE-CFP","2543865921","2543865921|3","P0_AMBIGUOUS","COMPLETE","2","08/19/2026 00:37:03","UNIQUE_PROJECTED_GIT_MATCH","c86a00c074ec2900035bcd8cca81c850b38d6a3c","ANALYSIS08_CACHE",""
"MPE","MPE","3726274827","3726274827|2","P0_AMBIGUOUS","COMPLETE","1","08/19/2026 02:36:30","UNIQUE_PROJECTED_GIT_MATCH","3273a06395ca26775180f80c19adcba89fbe4fe3","CHROME_CDP",""
"MPE","MPE","3726274827","3726274827|4","P0_AMBIGUOUS","COMPLETE","1","08/19/2026 02:38:32","UNIQUE_PROJECTED_GIT_MATCH","2b645ef19806ff0fc1030944bba5f607da2e25d8","CHROME_CDP",""
"MPE","MPE","3726274827","3726274827|5","P0_AMBIGUOUS","COMPLETE","1","08/19/2026 02:40:31","UNIQUE_PROJECTED_GIT_MATCH","bda26e2f7f05946fad97191229afe72c6d9a3f9e","CHROME_CDP",""
"RICE","RICE","2273832430","2273832430|1","P0_AMBIGUOUS","COMPLETE","1","08/19/2026 02:46:35","UNIQUE_PROJECTED_GIT_MATCH","9a3484844539b6a48bad484b98d189216412077d","CHROME_CDP",""
"RICE","RICE","2273832430","2273832430|2","P0_AMBIGUOUS","COMPLETE","1","08/19/2026 10:03:24","UNIQUE_PROJECTED_GIT_MATCH","9a8ce64d80233a6e638a628b3db4bbcea64c3ebb","CHROME_CDP",""
"RICE","RICE","2273832430","2273832430|3","P0_AMBIGUOUS","COMPLETE","1","08/19/2026 10:09:45","UNIQUE_PROJECTED_GIT_MATCH","4615a5c22b57137e721bbc088bf3847b0b524045","CHROME_CDP",""
"RICE","RICE","2273832430","2273832430|4","P0_AMBIGUOUS","COMPLETE","1","08/19/2026 10:18:05","UNIQUE_PROJECTED_GIT_MATCH","d3f0ed7d2ba5c7fe349d23e4c90bd7bfdf25b5a4","CHROME_CDP",""
"RICE","RICE","2273832430","2273832430|5","P0_AMBIGUOUS","COMPLETE","1","08/19/2026 10:26:08","UNIQUE_PROJECTED_GIT_MATCH","857b1d0f4a5be85306d3c9bc9658f8da21a8b0d7","CHROME_CDP",""
"RICE","RICE","2273832430","2273832430|6","P0_AMBIGUOUS","COMPLETE","1","08/19/2026 10:32:07","UNIQUE_PROJECTED_GIT_MATCH","e2f5f564b25bd86dd6517cc40bf7442475aed41c","CHROME_CDP",""
"RICE","RICE","2273832430","2273832430|7","P0_AMBIGUOUS","COMPLETE","1","08/19/2026 10:40:43","UNIQUE_PROJECTED_GIT_MATCH","49e14a0204f299d58a4faa2d0ea74d21a1fbbcd5","CHROME_CDP",""
"RICE","RICE","2273832430","2273832430|8","P0_AMBIGUOUS","COMPLETE","1","08/19/2026 10:48:35","UNIQUE_PROJECTED_GIT_MATCH","9e37de2ebb79670977fa6a1f7ac4c334f2b6400f","CHROME_CDP",""
"RICE","RICE","2273832430","2273832430|9","P0_AMBIGUOUS","COMPLETE","1","08/19/2026 10:56:22","UNIQUE_PROJECTED_GIT_MATCH","3fccb9af9d3a57422f919b096eee2e1f9aca1f88","CHROME_CDP",""
"RICE","RICE","2273832430","2273832430|10","P0_AMBIGUOUS","COMPLETE","1","08/19/2026 11:06:42","UNIQUE_PROJECTED_GIT_MATCH","dcb50b0af9410c380ba4da4ed5d25e9b1a0540d2","CHROME_CDP",""
"RICE","RICE","2273832430","2273832430|11","P0_AMBIGUOUS","COMPLETE","1","08/19/2026 11:17:39","UNIQUE_PROJECTED_GIT_MATCH","928fd31902aae67f7ed963ea988f98ed8a9746b2","CHROME_CDP",""
"RICE","RICE","2273832430","2273832430|29","P0_AMBIGUOUS","COMPLETE","1","08/19/2026 11:25:25","NO_PROJECTED_GIT_MATCH","","CHROME_CDP",""
"Special-World","SW","2875587269","2875587269|1","P0_AMBIGUOUS","COMPLETE","2","08/19/2026 12:20:04","UNIQUE_PROJECTED_GIT_MATCH","62f33e63129a4196cf45d750c5c4f9316cd368fe","CHROME_CDP",""
"Special-World","SW","2875587269","2875587269|2","P0_AMBIGUOUS","COMPLETE","1","08/19/2026 11:46:08","NO_PROJECTED_GIT_MATCH","","CHROME_CDP",""
"Special-World","SW","2875587269","2875587269|3","P0_AMBIGUOUS","COMPLETE","1","08/19/2026 11:55:44","UNIQUE_PROJECTED_GIT_MATCH","83032b87bb5b0f3ab378fb348fa4610f3ed71110","CHROME_CDP",""
"Special-World","SW","2875587269","2875587269|5","P0_AMBIGUOUS","COMPLETE","1","08/19/2026 12:07:44","UNIQUE_PROJECTED_GIT_MATCH","1eeaf8d51248fc7c41d8340a9ce7353020550954","CHROME_CDP",""
"Special-World","SW","2875587269","2875587269|6","P0_AMBIGUOUS","COMPLETE","1","08/19/2026 12:16:13","UNIQUE_PROJECTED_GIT_MATCH","d78a822ab3d7e0eae87367e2a2230fd7ef0b7090","CHROME_CDP",""
"Special-World","SW","2875587269","2875587269|7","P0_AMBIGUOUS","COMPLETE","1","08/19/2026 12:25:27","UNIQUE_PROJECTED_GIT_MATCH","079d5a19aae0272124debd3075f1be8c94c2a127","CHROME_CDP",""
"Special-World","SW","2875587269","2875587269|8","P0_AMBIGUOUS","COMPLETE","1","08/19/2026 12:31:24","UNIQUE_PROJECTED_GIT_MATCH","9f4303d3f29ed5b04b3589ffdd2c069f44f8e811","CHROME_CDP",""
"Special-World","SW","2875587269","2875587269|9","P0_AMBIGUOUS","COMPLETE","1","08/19/2026 12:38:14","UNIQUE_PROJECTED_GIT_MATCH","7a988841a4ba8a4aaf107e9a743a9127443de517","CHROME_CDP",""
"Special-World","SW","2875587269","2875587269|10","P0_AMBIGUOUS","COMPLETE","1","08/19/2026 12:43:49","UNIQUE_PROJECTED_GIT_MATCH","82f9a80b847cebb359e9b8797be9b85058fc99e7","CHROME_CDP",""
"Special-World","SW","2875587269","2875587269|11","P0_AMBIGUOUS","COMPLETE","1","08/19/2026 12:48:55","UNIQUE_PROJECTED_GIT_MATCH","be266d10ef71a8ae6d1b26920fcb063039aa7d5c","CHROME_CDP",""
"Special-World","SW","2875587269","2875587269|12","P0_AMBIGUOUS","COMPLETE","1","08/19/2026 12:55:04","NO_PROJECTED_GIT_MATCH","","CHROME_CDP",""
"Special-World","SW","2875587269","2875587269|13","P0_AMBIGUOUS","COMPLETE","1","08/19/2026 12:59:06","UNIQUE_PROJECTED_GIT_MATCH","fc1bca8d5e65a0a82dfb0ac58e4d4858ed83afac","CHROME_CDP",""
"Special-World","SW","2875587269","2875587269|14","P0_AMBIGUOUS","COMPLETE","1","08/19/2026 13:03:20","UNIQUE_PROJECTED_GIT_MATCH","688be509388ead75fa299018dcdde17ba4c8f5f5","CHROME_CDP",""
"Special-World","SW","2875587269","2875587269|15","P0_AMBIGUOUS","COMPLETE","1","08/19/2026 13:06:54","UNIQUE_PROJECTED_GIT_MATCH","59197499171ff9f910d90d8b03407b7388b43847","CHROME_CDP",""
"Special-World","SW","2875587269","2875587269|16","P0_AMBIGUOUS","COMPLETE","1","08/19/2026 13:10:53","UNIQUE_PROJECTED_GIT_MATCH","825da8e0f5e4b60f964301e80c5665a8a8426fc2","CHROME_CDP",""
"Special-World","SW","2875587269","2875587269|17","P0_AMBIGUOUS","COMPLETE","1","08/19/2026 13:15:09","UNIQUE_PROJECTED_GIT_MATCH","bd48aaacb89f48226bbaf66fad12ba33907e5c46","CHROME_CDP",""
"Special-World","SW","2875587269","2875587269|18","P0_AMBIGUOUS","COMPLETE","1","08/19/2026 13:19:32","NO_PROJECTED_GIT_MATCH","","CHROME_CDP",""
"Special-World","SW","2875587269","2875587269|19","P0_AMBIGUOUS","COMPLETE","1","08/19/2026 13:23:46","NO_PROJECTED_GIT_MATCH","","CHROME_CDP",""
"Special-World","SW","2875587269","2875587269|23","P0_AMBIGUOUS","COMPLETE","1","08/19/2026 13:27:44","NO_PROJECTED_GIT_MATCH","","CHROME_CDP",""
"Special-World","SW","2875587269","2875587269|24","P0_AMBIGUOUS","COMPLETE","1","08/19/2026 13:31:37","NO_PROJECTED_GIT_MATCH","","CHROME_CDP",""
"Special-World","SW","2875587269","2875587269|25","P0_AMBIGUOUS","COMPLETE","1","08/19/2026 13:36:30","UNIQUE_PROJECTED_GIT_MATCH","8cff9607cb4a5bbf4772156f15f62b5564764df4","CHROME_CDP",""
