"Repo","WorkshopId","SkymodsRevisionKey","RawPath","Bytes","Sha256"
"Community-Flavor-Pack","2220098919","2220098919|3","analysis/results/09-first-pass-archive-verification/raw-pages/2220098919_3/01-file-page.html","75370","90fb95ec45fcd227d3c773b9e988c6c751a1bf028630bfd628574832676e05de"
"Community-Flavor-Pack","2220098919","2220098919|3","analysis/results/09-first-pass-archive-verification/raw-pages/2220098919_3/02-download-page.html","39135","85e50aba55f87ffa9b877097eabd9384b06aaafbb291b82a4efd6d182c90cacd"
"Culture-and-Faith-Granularity","3206891770","3206891770|2","analysis/results/09-first-pass-archive-verification/raw-pages/3206891770_2/01-file-page.html","75201","cce379745804f57459094f796ff9c234128e6dd7a2057b3e9d7c1b9000fedcf0"
"Culture-and-Faith-Granularity","3206891770","3206891770|2","analysis/results/09-first-pass-archive-verification/raw-pages/3206891770_2/02-download-page.html","39159","c66406eeaf3ae892ac838e7d974d6929b43d983969e62234ac344120d8f824fb"
"Culture-and-Faith-Granularity","3206891770","3206891770|11","analysis/results/09-first-pass-archive-verification/raw-pages/3206891770_11/01-file-page.html","73247","4ee4ff8f357366164e8d7edb740f2cdc8e2e3543c06f69863cd47edef7a1b9ad"
"Culture-and-Faith-Granularity","3206891770","3206891770|11","analysis/results/09-first-pass-archive-verification/raw-pages/3206891770_11/02-download-page.html","38907","5a9dd496e73fa996db5f82131f2a17ff6f9ff177ba71624f9785b20c7a8faad6"
"Culture-Expanded","2829397295","2829397295|2","analysis/results/09-first-pass-archive-verification/raw-pages/2829397295_2/01-file-page.html","72779","f1c6402a0e4a83946b9d0d8a2ae19f8821e4019484d90422f989ba3b0610f7f7"
"Culture-Expanded","2829397295","2829397295|2","analysis/results/09-first-pass-archive-verification/raw-pages/2829397295_2/02-download-page.html","39145","a92934b74ef586f716a06d537546c952817f259e41fc6ece6f4c3198af1f9626"
"Culture-Expanded","2829397295","2829397295|3","analysis/results/09-first-pass-archive-verification/raw-pages/2829397295_3/01-file-page.html","72605","77e812891f57d1dcf73bdec113d2965d9fe69a44f9c6c87edc7dc1bbf3946635"
"Culture-Expanded","2829397295","2829397295|3","analysis/results/09-first-pass-archive-verification/raw-pages/2829397295_3/02-download-page.html","39123","ef04060d105dffdc41b22264346ff08a4363ee43bf027b9f18cda4eb7d4aa2db"
"EPE-CFP","2996881191","2996881191|3","analysis/results/09-first-pass-archive-verification/raw-pages/2996881191_3/01-file-page.html","73299","64d9dc18b569b03df8f195561aa2d9b1b1813eac2dc593590d8b100b0df648ae"
"EPE-CFP","2996881191","2996881191|3","analysis/results/09-first-pass-archive-verification/raw-pages/2996881191_3/02-download-page.html","39147","0109f54ab412e459e67969ddfda8c20044c9c73c5739cffad2ff8a38c70aca2d"
"EPE-CFP","2996881191","2996881191|6","analysis/results/09-first-pass-archive-verification/raw-pages/2996881191_6/01-file-page.html","72891","cf90401fc8140ea80d62bd3fcf3ddfe31e72439891de819542802cd000dd93f6"
"EPE-CFP","2996881191","2996881191|6","analysis/results/09-first-pass-archive-verification/raw-pages/2996881191_6/02-download-page.html","39147","f4cb782830f250e88d1e4ffa3faeb6923c08d0826c43004f1f5e362ad98f41c8"
"EPE-CFP","2996881191","2996881191|7","analysis/results/09-first-pass-archive-verification/raw-pages/2996881191_7/01-file-page.html","72509","cd26f4d2e144081939851be88ee9304816629180a8100f071461093c144dd37a"
"EPE-CFP","2996881191","2996881191|7","analysis/results/09-first-pass-archive-verification/raw-pages/2996881191_7/02-download-page.html","39147","91cc2eceaf691a78a84b6c76046f3c5808c54f64c34481440796d9bd6e96a9b2"
"EPE-CFP","2996881191","2996881191|8","analysis/results/09-first-pass-archive-verification/raw-pages/2996881191_8/01-file-page.html","72530","b21453cf3a0b4a9893cc42237ced847599867c43a8a6d94765a6c9d7e8551f8f"
"EPE-CFP","2996881191","2996881191|8","analysis/results/09-first-pass-archive-verification/raw-pages/2996881191_8/02-download-page.html","39147","fc55684cfb7e09534ca8c0d395001a7a2dcacb7fc019afab950f5aafc823c32a"
"EPE-CFP","2996881191","2996881191|9","analysis/results/09-first-pass-archive-verification/raw-pages/2996881191_9/01-file-page.html","72511","3698f245d787917f580bf8fdad66d157b164982a85d9a2bd08bdeb869be56855"
"EPE-CFP","2996881191","2996881191|9","analysis/results/09-first-pass-archive-verification/raw-pages/2996881191_9/02-download-page.html","39147","dea21abd3e6aa6a7150efa9578f8ff26a04bd4f8d45dc7b0c5c7b49506d67eb6"
"Ethnicities-and-Portraits-Expanded","2507209632","2507209632|3","analysis/results/09-first-pass-archive-verification/raw-pages/2507209632_3/01-file-page.html","73171","c0928baef9da81e1377615f4de63a121218d252e6f0021a0035b39b025c406fc"
"Ethnicities-and-Portraits-Expanded","2507209632","2507209632|3","analysis/results/09-first-pass-archive-verification/raw-pages/2507209632_3/02-download-page.html","39175","df3750c0be19f722af1de3ceb24e43f4c2f4019d1ed3a61ee610c69ce21cde6f"
"Ethnicities-and-Portraits-Expanded","2507209632","2507209632|4","analysis/results/09-first-pass-archive-verification/raw-pages/2507209632_4/01-file-page.html","75155","f2872567ce4f58c25fe8a4811ba049cced281bc64e7be9fb3e9ec32c0ccaee51"
"Ethnicities-and-Portraits-Expanded","2507209632","2507209632|4","analysis/results/09-first-pass-archive-verification/raw-pages/2507209632_4/02-download-page.html","39153","12b5f50c222ca885c42607948378f89d3b6828f0d20ee8a4e750624947a4dbaa"
"Ethnicities-and-Portraits-Expanded","2507209632","2507209632|7","analysis/results/09-first-pass-archive-verification/raw-pages/2507209632_7/01-file-page.html","74075","664c445b37de049b6900a4829158fbd5563db565d103f95bd1f2ac56a0b7486a"
"Ethnicities-and-Portraits-Expanded","2507209632","2507209632|7","analysis/results/09-first-pass-archive-verification/raw-pages/2507209632_7/02-download-page.html","39153","50f12f383b0623d264955eb3739f58e529f8c7a19f9f095235c565cd2b556a8a"
"Ethnicities-and-Portraits-Expanded","2507209632","2507209632|8","analysis/results/09-first-pass-archive-verification/raw-pages/2507209632_8/01-file-page.html","74062","561ea97ccb78c19eb6d9faf354a1d3b88378325334a05bf6bb61670c863a4b1f"
"Ethnicities-and-Portraits-Expanded","2507209632","2507209632|8","analysis/results/09-first-pass-archive-verification/raw-pages/2507209632_8/02-download-page.html","39153","65869769abe89e500a4c355fa0d18aa4b670463847736e18b5347f93b2d6e4b0"
"Ethnicities-and-Portraits-Expanded","2507209632","2507209632|9","analysis/results/09-first-pass-archive-verification/raw-pages/2507209632_9/01-file-page.html","53728","da94c9b876a298273469b21ddc00f3f23cc0f643e199b86853fcc47f6728e171"
"Ethnicities-and-Portraits-Expanded","2507209632","2507209632|9","analysis/results/09-first-pass-archive-verification/raw-pages/2507209632_9/02-download-page.html","39153","8941991690025c543e583db6bf4648cc35553e5980230fdf7a7d3699f0dd74ab"
"MBP-EPE-CFP","2543865921","2543865921|3","analysis/results/09-first-pass-archive-verification/raw-pages/2543865921_3/01-file-page.html","72589","396bffc50fe1411612a4c763c559cefe369482dbfd3ce0c55113d570c7059f3b"
"MBP-EPE-CFP","2543865921","2543865921|3","analysis/results/09-first-pass-archive-verification/raw-pages/2543865921_3/02-download-page.html","39113","bd0304ee5a4a272803ef11b414b80b554fea07c8b508c6c1625b75a613874048"
"MPE","3726274827","3726274827|2","analysis/results/09-first-pass-archive-verification/raw-pages/3726274827_2/01-file-page.html","73367","0708d5fe38a3fc54fd50523a88cc800ac40e3b822fa1bc09831236af1f78e36d"
"MPE","3726274827","3726274827|2","analysis/results/09-first-pass-archive-verification/raw-pages/3726274827_2/02-download-page.html","39122","b513b7881e5400b9f2be81bbf1115ae0145c1ee628a2e77ce18f98a628367472"
"MPE","3726274827","3726274827|4","analysis/results/09-first-pass-archive-verification/raw-pages/3726274827_4/01-file-page.html","72599","a5847d093cf5b8d2e9780fd0dcc8a27368d4b031b8d9d01f01d86ab6a97d0fa9"
"MPE","3726274827","3726274827|4","analysis/results/09-first-pass-archive-verification/raw-pages/3726274827_4/02-download-page.html","39125","ad4a78bf08439b97d48b955ad68330bc8e4fdb4c21dea2fabd23bd1bf4978401"
"MPE","3726274827","3726274827|5","analysis/results/09-first-pass-archive-verification/raw-pages/3726274827_5/01-file-page.html","71400","0003126ded423366c4a29c70708abde785247f2694da5621c03f49a7fd179998"
"MPE","3726274827","3726274827|5","analysis/results/09-first-pass-archive-verification/raw-pages/3726274827_5/02-download-page.html","39125","01653fcfc4b20ab453e387f312e189ca4ed5a78756a9bf7ff5548665b8dc2ad8"
"RICE","2273832430","2273832430|1","analysis/results/09-first-pass-archive-verification/raw-pages/2273832430_1/01-file-page.html","72922","7d241224e147c9575f53a390475a3ba7dc9c22e8659c685125be318147a7d951"
"RICE","2273832430","2273832430|1","analysis/results/09-first-pass-archive-verification/raw-pages/2273832430_1/02-download-page.html","39216","4c38fe9a14c787e7b9d63077a2e0c3a7b27fc89e21925aed6988dabb320a89d9"
"RICE","2273832430","2273832430|2","analysis/results/09-first-pass-archive-verification/raw-pages/2273832430_2/01-file-page.html","75401","fec506f0bb4833843783a13d4335f1bf6455d74d2c0fb1066121903da40a52f1"
"RICE","2273832430","2273832430|2","analysis/results/09-first-pass-archive-verification/raw-pages/2273832430_2/02-download-page.html","35560","e5d05ddd9dcbb226158c559c956d81712d712e3f51060be459327017df19eaa3"
"RICE","2273832430","2273832430|3","analysis/results/09-first-pass-archive-verification/raw-pages/2273832430_3/01-file-page.html","73172","d8ec32423f8c3279d72e2092e3f17f113cd146c5b071ecde8d5f10797a145e18"
"RICE","2273832430","2273832430|3","analysis/results/09-first-pass-archive-verification/raw-pages/2273832430_3/02-download-page.html","39229","4f7266c45abbe016f8543fbb863e8c61152a5c61076abe6e899fd914f1fee075"
"RICE","2273832430","2273832430|4","analysis/results/09-first-pass-archive-verification/raw-pages/2273832430_4/01-file-page.html","53917","f89600dcd88040b3604e81b0a1933a06d1d0426a27e5a8ef40547d855fbcb4df"
"RICE","2273832430","2273832430|4","analysis/results/09-first-pass-archive-verification/raw-pages/2273832430_4/02-download-page.html","39207","dbaaf8f96a6e058ea963aa8df42202a613448a2ba57643a04f5aafd67d45d406"
"RICE","2273832430","2273832430|5","analysis/results/09-first-pass-archive-verification/raw-pages/2273832430_5/01-file-page.html","53403","ff2dcdff16c91ad5bf38db99cdf67e9f7776bf46acce337110d993dbd7e7283e"
"RICE","2273832430","2273832430|5","analysis/results/09-first-pass-archive-verification/raw-pages/2273832430_5/02-download-page.html","39207","c74e151deb9ebed32cd1aba9352b28fc4479b79943b95904803ec49a126923d8"
"RICE","2273832430","2273832430|6","analysis/results/09-first-pass-archive-verification/raw-pages/2273832430_6/01-file-page.html","74235","b77aa0e18f94951a6a05202035e4e0049172b45fbf65396be6059a517ba33bbc"
"RICE","2273832430","2273832430|6","analysis/results/09-first-pass-archive-verification/raw-pages/2273832430_6/02-download-page.html","39207","70324f91e39f10729ac7cbc5863cc8ece032064a70057bac4e50646265188f0e"
"RICE","2273832430","2273832430|7","analysis/results/09-first-pass-archive-verification/raw-pages/2273832430_7/01-file-page.html","52760","517383edc22ec32d46580834e9c11efe5f2a142cdaee7b7ed4df423055207d9b"
"RICE","2273832430","2273832430|7","analysis/results/09-first-pass-archive-verification/raw-pages/2273832430_7/02-download-page.html","39207","af5f5116a521d53f92155e8aa1e922668b351d77a568fce10d88c61a50c3cf7e"
"RICE","2273832430","2273832430|8","analysis/results/09-first-pass-archive-verification/raw-pages/2273832430_8/01-file-page.html","72602","ce51947b2f6856ae2ed68f772c427f0dae075cff38f7a5fb1d173a89421abcba"
"RICE","2273832430","2273832430|8","analysis/results/09-first-pass-archive-verification/raw-pages/2273832430_8/02-download-page.html","39207","b866820bec313f201ad926a6c83d2f853157ecfd0a5ee1522d28de4cf4da85d9"
"RICE","2273832430","2273832430|9","analysis/results/09-first-pass-archive-verification/raw-pages/2273832430_9/01-file-page.html","52776","b0a164d3395e67163bf85de9820dadf3b43de98bfcb62946b0a64ad3089f9431"
"RICE","2273832430","2273832430|9","analysis/results/09-first-pass-archive-verification/raw-pages/2273832430_9/02-download-page.html","39207","1d4860961bfe14dbcd5376023f71da43e7d00be6c751373caf997a50987d8141"
"RICE","2273832430","2273832430|10","analysis/results/09-first-pass-archive-verification/raw-pages/2273832430_10/01-file-page.html","75365","ead8b46d91fc9c109091d9da13ddce8e0406c86a0b2faf02f61d435b9912d5fd"
"RICE","2273832430","2273832430|10","analysis/results/09-first-pass-archive-verification/raw-pages/2273832430_10/02-download-page.html","35563","8387bebb485a7e3e74f3f0597f4e663c9302cf987686ae27cf5ad243bb0254ac"
"RICE","2273832430","2273832430|11","analysis/results/09-first-pass-archive-verification/raw-pages/2273832430_11/01-file-page.html","73084","21f93cca0cbb1066a8ecbd9f898e6669ddcd0541e5b34d975c9d84afb5d8b4f1"
"RICE","2273832430","2273832430|11","analysis/results/09-first-pass-archive-verification/raw-pages/2273832430_11/02-download-page.html","39207","d1a99862475234354073a1f012a630a376f058d465381eff18734664e439e46c"
"RICE","2273832430","2273832430|29","analysis/results/09-first-pass-archive-verification/raw-pages/2273832430_29/01-file-page.html","53904","8414d700bcdcbe4296d096a2233299258a4dd5fdc75a7504abe3c3798e2a6433"
"RICE","2273832430","2273832430|29","analysis/results/09-first-pass-archive-verification/raw-pages/2273832430_29/02-download-page.html","39207","85a20fc00494239405997417f90e84b223c2e472256bc268804efe0e78f1fe54"
"Special-World","2875587269","2875587269|1","analysis/results/09-first-pass-archive-verification/raw-pages/2875587269_1/01-file-page.html","74515","d8622f00bbdf91e70afcb4ca6e07ed2ff8c7aed6bd505b4722740368ed0515b6"
"Special-World","2875587269","2875587269|1","analysis/results/09-first-pass-archive-verification/raw-pages/2875587269_1/02-download-page.html","39188","6734299c96a41f13d5dea7d048b2145b6f2a235ffce1017a27b1476d39023036"
"Special-World","2875587269","2875587269|2","analysis/results/09-first-pass-archive-verification/raw-pages/2875587269_2/01-file-page.html","74264","8ebe1b8e12de1f9cfd9b6f7476147a07c15b5d62980a21e019c7526f0119dfc2"
"Special-World","2875587269","2875587269|2","analysis/results/09-first-pass-archive-verification/raw-pages/2875587269_2/02-download-page.html","39188","44164d78af3ac543b9b87a8d89b9d204fe75ddfc0baac6fc50090ac73c7561c7"
"Special-World","2875587269","2875587269|3","analysis/results/09-first-pass-archive-verification/raw-pages/2875587269_3/01-file-page.html","52697","0ecb8aa2b9f089d2bfb8aa33d2674d90903914b04813a7c541ed60af1bdaef0b"
"Special-World","2875587269","2875587269|3","analysis/results/09-first-pass-archive-verification/raw-pages/2875587269_3/02-download-page.html","39172","3f9c2416ca73747e7186ccfc16539210a77edbf544854e06ba67e84e9a3f3022"
"Special-World","2875587269","2875587269|5","analysis/results/09-first-pass-archive-verification/raw-pages/2875587269_5/01-file-page.html","54062","c4586c6bf3a5f30ff5a162dceefb4cd9c50eb668398e32f839e0207fe88f4251"
"Special-World","2875587269","2875587269|5","analysis/results/09-first-pass-archive-verification/raw-pages/2875587269_5/02-download-page.html","39175","1af008f5d50fecd1fb0975eab2bb9c9687377ed4369af7ab413088178f92a388"
"Special-World","2875587269","2875587269|6","analysis/results/09-first-pass-archive-verification/raw-pages/2875587269_6/01-file-page.html","72823","74654d5caedf48f6badd6561b9a7688251a3193f94e68361bc70e60b684f6560"
"Special-World","2875587269","2875587269|6","analysis/results/09-first-pass-archive-verification/raw-pages/2875587269_6/02-download-page.html","39175","24b0931a0df6aa06714a6911ab5db2f6d5ba124bb0f9477e5fee1135999e7a96"
"Special-World","2875587269","2875587269|7","analysis/results/09-first-pass-archive-verification/raw-pages/2875587269_7/01-file-page.html","72883","dce76453501396d15801025dc3f9f933a640a6380eba44a4c3eb6cf9d40151e9"
"Special-World","2875587269","2875587269|7","analysis/results/09-first-pass-archive-verification/raw-pages/2875587269_7/02-download-page.html","39179","d257ec56a84def330bc54aca5b238a5597188f4b13867be0a63b690b1f990010"
"Special-World","2875587269","2875587269|8","analysis/results/09-first-pass-archive-verification/raw-pages/2875587269_8/01-file-page.html","73027","f5819873d55666123a666b98741d804771568a6710048249aed38f03ea5b71e2"
"Special-World","2875587269","2875587269|8","analysis/results/09-first-pass-archive-verification/raw-pages/2875587269_8/02-download-page.html","39179","f21e8f1906c60165dcdbc8984894c96abfe5013d6ff075ca9c91b89eed36fe49"
"Special-World","2875587269","2875587269|9","analysis/results/09-first-pass-archive-verification/raw-pages/2875587269_9/01-file-page.html","53816","cfc7c02dd460b8dee2318c47d7158577596a939213957f155a25942acfc52119"
"Special-World","2875587269","2875587269|9","analysis/results/09-first-pass-archive-verification/raw-pages/2875587269_9/02-download-page.html","39179","37ec655fbc434cc0a1a0cbc1019c76c666f8551ec7507a63247ad9af93798a7a"
"Special-World","2875587269","2875587269|10","analysis/results/09-first-pass-archive-verification/raw-pages/2875587269_10/01-file-page.html","53250","836cd2fc7e9836b70247cf5af382594dabf9a9d9ca11303b98a141eec705e6bf"
"Special-World","2875587269","2875587269|10","analysis/results/09-first-pass-archive-verification/raw-pages/2875587269_10/02-download-page.html","39179","2b1e9b9955ba90db0202ab7c5b2fdd29b16237ac70de0a4faa75fd17c4047480"
"Special-World","2875587269","2875587269|11","analysis/results/09-first-pass-archive-verification/raw-pages/2875587269_11/01-file-page.html","53795","f78eb7491eb4df31fea89e2997d9a8642931f2a100a32f4831aeb47496dc94c8"
"Special-World","2875587269","2875587269|11","analysis/results/09-first-pass-archive-verification/raw-pages/2875587269_11/02-download-page.html","39179","0c25b7ff197ece82cd270c5ad7ff9181de33fa8103458992d6ee4ebfe2a94315"
"Special-World","2875587269","2875587269|12","analysis/results/09-first-pass-archive-verification/raw-pages/2875587269_12/01-file-page.html","72576","c1a48908e0ded54a25feac68b4625947bcdcd346776128b6f89d50889267bde9"
"Special-World","2875587269","2875587269|12","analysis/results/09-first-pass-archive-verification/raw-pages/2875587269_12/02-download-page.html","39179","c9e24294f5d0bd59d4885a9fc5ec8df47a462a3e63ada0d8f6841f61797a82e3"
"Special-World","2875587269","2875587269|13","analysis/results/09-first-pass-archive-verification/raw-pages/2875587269_13/01-file-page.html","52667","e4c8e1e85563faf8770d53cab56f8819565621a3816a532de63c2814121564fb"
"Special-World","2875587269","2875587269|13","analysis/results/09-first-pass-archive-verification/raw-pages/2875587269_13/02-download-page.html","39179","1a70396360ce02eb030c9c3f976023f29dfaec2284097816c2530601d7d67936"
"Special-World","2875587269","2875587269|14","analysis/results/09-first-pass-archive-verification/raw-pages/2875587269_14/01-file-page.html","74497","0299b7aba9de82893ae115e901d02e0ae9e2328cfd4637127343528d77a2b373"
"Special-World","2875587269","2875587269|14","analysis/results/09-first-pass-archive-verification/raw-pages/2875587269_14/02-download-page.html","39179","0d52096fe12fa2b18d644d0b6293bb98c75cb68644ffdb241860e675a643abda"
"Special-World","2875587269","2875587269|15","analysis/results/09-first-pass-archive-verification/raw-pages/2875587269_15/01-file-page.html","73106","eb21221a731d65f8f909d7d087830d6221b3e36498b5276f200d14edb98ffc58"
"Special-World","2875587269","2875587269|15","analysis/results/09-first-pass-archive-verification/raw-pages/2875587269_15/02-download-page.html","39179","25ada94f4ca4baeec7e1fc3895748e18fd566e29d4094b4ca566ddf6d90286f1"
"Special-World","2875587269","2875587269|16","analysis/results/09-first-pass-archive-verification/raw-pages/2875587269_16/01-file-page.html","72910","ac4883f89a10624b23af4b3b9ab4fb7b485c9f3e9dc0dafdb19c7ff771c89201"
"Special-World","2875587269","2875587269|16","analysis/results/09-first-pass-archive-verification/raw-pages/2875587269_16/02-download-page.html","39179","222b2098a8ab021a56fcc2962bbe7c86556b2c12d83fa14fbd987b3cc93ac2d1"
"Special-World","2875587269","2875587269|17","analysis/results/09-first-pass-archive-verification/raw-pages/2875587269_17/01-file-page.html","72942","6bab167f89e8ae667a135fa649b30ec1a06268aad333d616d8b5b85a5a53717f"
"Special-World","2875587269","2875587269|17","analysis/results/09-first-pass-archive-verification/raw-pages/2875587269_17/02-download-page.html","39179","242edf6206c73468cd4a87219295292c8b55b4b98437fc3a64518b59d105621c"
"Special-World","2875587269","2875587269|18","analysis/results/09-first-pass-archive-verification/raw-pages/2875587269_18/01-file-page.html","53830","999fd981ab26e58364c7b997c5a0e76182e1bf711e6b2dd4dbda36b9808a4bb7"
"Special-World","2875587269","2875587269|18","analysis/results/09-first-pass-archive-verification/raw-pages/2875587269_18/02-download-page.html","39179","51df7e59c375c2de94946f398fa45ab5a80903fa288ea43bbf275b574953cb87"
"Special-World","2875587269","2875587269|19","analysis/results/09-first-pass-archive-verification/raw-pages/2875587269_19/01-file-page.html","52926","15398f921adf3f9687a01b402c950ae557727bb69673dfd0ac8b78f5a08e6811"
"Special-World","2875587269","2875587269|19","analysis/results/09-first-pass-archive-verification/raw-pages/2875587269_19/02-download-page.html","39179","6163a68152375bbca94a87937d23f478bdbd9435a5514f499b2b314f5b1d2e20"
"Special-World","2875587269","2875587269|23","analysis/results/09-first-pass-archive-verification/raw-pages/2875587269_23/01-file-page.html","71767","aa874ed0c1504717005d0f246a7f23ef6f8cf98517d6abcb8f57071504fcda24"
"Special-World","2875587269","2875587269|23","analysis/results/09-first-pass-archive-verification/raw-pages/2875587269_23/02-download-page.html","39179","71a5782d425313854a4e1e2e7829e11dd849f424c0231d2d46e2ab71b906a774"
"Special-World","2875587269","2875587269|24","analysis/results/09-first-pass-archive-verification/raw-pages/2875587269_24/01-file-page.html","73768","320685a392eff92d60ede2c639c1a753d9805be741536116e9303f273b82f90d"
"Special-World","2875587269","2875587269|24","analysis/results/09-first-pass-archive-verification/raw-pages/2875587269_24/02-download-page.html","39179","4864c66dd967705928958533087d328a20d175b2e4e7fec3511148c86671e875"
"Special-World","2875587269","2875587269|25","analysis/results/09-first-pass-archive-verification/raw-pages/2875587269_25/01-file-page.html","74716","be5ec94b7803e7f656f94fed7a03e099b470f71fc32b93ee5c35721aadc202a6"
"Special-World","2875587269","2875587269|25","analysis/results/09-first-pass-archive-verification/raw-pages/2875587269_25/02-download-page.html","35535","3cdcf44aa8113590be4a6192a2cfe57c0fa2d0d170ec59746023971ef76a2966"
