"Repo","Abbreviation","WorkshopId","SkymodsRevisionKey","RelatedSteamEventCount","RelatedSteamEventKeys","CandidateGitCommitCount","ExactProjectedGitMatchCount","MatchedGitCommitShas","VerificationStatus","Analysis07Reason"
"Community-Flavor-Pack","CFP","2220098919","2220098919|3","1","2220098919|3","1","1","115aefd26240f208fe4a9ce7ab3c867ca1e6a8ea","UNIQUE_PROJECTED_GIT_MATCH","steam-git-event-ambiguity"
"Culture-and-Faith-Granularity","CFG","3206891770","3206891770|2","1","3206891770|3","1","1","2e2602f56ee08890cc915690989b121c299ca8d0","UNIQUE_PROJECTED_GIT_MATCH","steam-git-event-ambiguity"
"Culture-and-Faith-Granularity","CFG","3206891770","3206891770|11","1","3206891770|13","1","0","","NO_PROJECTED_GIT_MATCH","steam-git-event-ambiguity"
"Culture-Expanded","CE","2829397295","2829397295|2","1","2829397295|2","1","1","0804f6a73ecb93a2bfc8b048ae2730c242388a92","UNIQUE_PROJECTED_GIT_MATCH","steam-git-event-ambiguity"
"Culture-Expanded","CE","2829397295","2829397295|3","1","2829397295|4","2","1","8a0cffb5c6f82b7addeb8e91e25799b95d3689ae","UNIQUE_PROJECTED_GIT_MATCH","archive-candidate-for-multiple-git-commits; archive-candidate-for-multiple-git-commits; git-candidate-not-unique-top"
"EPE-CFP","EPE-CFP","2996881191","2996881191|3","1","2996881191|3","2","1","dbebe469551c494e9481693a5ef74dcc847c77b7","UNIQUE_PROJECTED_GIT_MATCH","archive-candidate-for-multiple-git-commits; archive-candidate-for-multiple-git-commits; git-candidate-not-unique-top"
"EPE-CFP","EPE-CFP","2996881191","2996881191|6","1","2996881191|7","1","1","25284d7351b6cdc292cdccb3ceed15ef5336622f","UNIQUE_PROJECTED_GIT_MATCH","git-commit-has-multiple-archive-candidates"
"EPE-CFP","EPE-CFP","2996881191","2996881191|7","1","2996881191|8","1","0","","NO_PROJECTED_GIT_MATCH","git-commit-has-multiple-archive-candidates; steam-git-event-ambiguity"
"EPE-CFP","EPE-CFP","2996881191","2996881191|8","1","2996881191|9","2","1","4ce6ce712925f0b928664bfbda395ca2b98fda0d","UNIQUE_PROJECTED_GIT_MATCH","archive-candidate-for-multiple-git-commits; git-commit-has-multiple-archive-candidates; archive-candidate-for-multiple-git-commits; git-commit-has-multiple-archive-candidates; git-candidate-not-unique-top"
"EPE-CFP","EPE-CFP","2996881191","2996881191|9","1","2996881191|12","2","1","821c8f1f68c5aa8245e3653bff2d275e2a43fd3f","UNIQUE_PROJECTED_GIT_MATCH","archive-candidate-for-multiple-git-commits; git-commit-has-multiple-archive-candidates; archive-candidate-for-multiple-git-commits; git-commit-has-multiple-archive-candidates; git-candidate-not-unique-top"
"Ethnicities-and-Portraits-Expanded","EPE","2507209632","2507209632|3","1","2507209632|3","3","1","89af2c6f05c3e771a5d540012639759e8bdbb804","UNIQUE_PROJECTED_GIT_MATCH","archive-candidate-for-multiple-git-commits; steam-git-event-ambiguity; archive-candidate-for-multiple-git-commits; steam-git-event-ambiguity; git-candidate-not-unique-top"
"Ethnicities-and-Portraits-Expanded","EPE","2507209632","2507209632|4","1","2507209632|7","3","2","01623125ad685892e015bde075febb957368e178|e22986746fdb4b6cca0724d22e5a4089c1ada711","MULTIPLE_PROJECTED_GIT_MATCHES","archive-candidate-for-multiple-git-commits; steam-git-event-ambiguity; git-candidate-not-unique-top"
"Ethnicities-and-Portraits-Expanded","EPE","2507209632","2507209632|7","1","2507209632|10","3","1","bea606d31f179e2f4e6552ab88b613bbe6bf4619","UNIQUE_PROJECTED_GIT_MATCH","archive-candidate-for-multiple-git-commits; archive-candidate-for-multiple-git-commits; git-candidate-not-unique-top"
"Ethnicities-and-Portraits-Expanded","EPE","2507209632","2507209632|8","1","2507209632|12","2","1","541b16c138e3574ce547b5a4a43ef3cfdf215854","UNIQUE_PROJECTED_GIT_MATCH","archive-candidate-for-multiple-git-commits; steam-git-event-ambiguity; archive-candidate-for-multiple-git-commits; git-commit-has-multiple-archive-candidates; steam-git-event-ambiguity; git-candidate-not-unique-top"
"Ethnicities-and-Portraits-Expanded","EPE","2507209632","2507209632|9","1","2507209632|15","1","0","","NO_PROJECTED_GIT_MATCH","git-commit-has-multiple-archive-candidates; steam-git-event-ambiguity"
"MBP-EPE-CFP","MBP-EPE-CFP","2543865921","2543865921|3","1","2543865921|5","1","1","c86a00c074ec2900035bcd8cca81c850b38d6a3c","UNIQUE_PROJECTED_GIT_MATCH","steam-git-event-ambiguity"
"MPE","MPE","3726274827","3726274827|2","1","3726274827|2","1","1","3273a06395ca26775180f80c19adcba89fbe4fe3","UNIQUE_PROJECTED_GIT_MATCH","steam-git-event-ambiguity"
"MPE","MPE","3726274827","3726274827|4","1","3726274827|5","3","1","2b645ef19806ff0fc1030944bba5f607da2e25d8","UNIQUE_PROJECTED_GIT_MATCH","archive-candidate-for-multiple-git-commits; git-commit-has-multiple-archive-candidates; archive-candidate-for-multiple-git-commits; git-commit-has-multiple-archive-candidates; git-candidate-not-unique-top"
"MPE","MPE","3726274827","3726274827|5","1","3726274827|7","3","1","bda26e2f7f05946fad97191229afe72c6d9a3f9e","UNIQUE_PROJECTED_GIT_MATCH","archive-candidate-for-multiple-git-commits; git-commit-has-multiple-archive-candidates; steam-git-event-ambiguity; git-candidate-not-unique-top"
"RICE","RICE","2273832430","2273832430|1","1","2273832430|2","1","1","9a3484844539b6a48bad484b98d189216412077d","UNIQUE_PROJECTED_GIT_MATCH","git-commit-has-multiple-archive-candidates"
"RICE","RICE","2273832430","2273832430|2","1","2273832430|3","1","1","9a8ce64d80233a6e638a628b3db4bbcea64c3ebb","UNIQUE_PROJECTED_GIT_MATCH","git-commit-has-multiple-archive-candidates"
"RICE","RICE","2273832430","2273832430|3","1","2273832430|4","1","1","4615a5c22b57137e721bbc088bf3847b0b524045","UNIQUE_PROJECTED_GIT_MATCH","git-commit-has-multiple-archive-candidates"
"RICE","RICE","2273832430","2273832430|4","1","2273832430|5","2","1","d3f0ed7d2ba5c7fe349d23e4c90bd7bfdf25b5a4","UNIQUE_PROJECTED_GIT_MATCH","archive-candidate-for-multiple-git-commits; git-commit-has-multiple-archive-candidates; archive-candidate-for-multiple-git-commits; git-commit-has-multiple-archive-candidates; git-candidate-not-unique-top"
"RICE","RICE","2273832430","2273832430|5","1","2273832430|7","1","1","857b1d0f4a5be85306d3c9bc9658f8da21a8b0d7","UNIQUE_PROJECTED_GIT_MATCH","git-commit-has-multiple-archive-candidates"
"RICE","RICE","2273832430","2273832430|6","1","2273832430|8","3","1","e2f5f564b25bd86dd6517cc40bf7442475aed41c","UNIQUE_PROJECTED_GIT_MATCH","archive-candidate-for-multiple-git-commits; git-commit-has-multiple-archive-candidates; archive-candidate-for-multiple-git-commits; git-commit-has-multiple-archive-candidates; git-candidate-not-unique-top"
"RICE","RICE","2273832430","2273832430|7","1","2273832430|9","3","1","49e14a0204f299d58a4faa2d0ea74d21a1fbbcd5","UNIQUE_PROJECTED_GIT_MATCH","archive-candidate-for-multiple-git-commits; git-commit-has-multiple-archive-candidates; steam-git-event-ambiguity; archive-candidate-for-multiple-git-commits; git-commit-has-multiple-archive-candidates; steam-git-event-ambiguity; git-candidate-not-unique-top"
"RICE","RICE","2273832430","2273832430|8","1","2273832430|10","2","1","9e37de2ebb79670977fa6a1f7ac4c334f2b6400f","UNIQUE_PROJECTED_GIT_MATCH","archive-candidate-for-multiple-git-commits; git-commit-has-multiple-archive-candidates; archive-candidate-for-multiple-git-commits; git-commit-has-multiple-archive-candidates; git-candidate-not-unique-top"
"RICE","RICE","2273832430","2273832430|9","1","2273832430|11","3","1","3fccb9af9d3a57422f919b096eee2e1f9aca1f88","UNIQUE_PROJECTED_GIT_MATCH","archive-candidate-for-multiple-git-commits; git-commit-has-multiple-archive-candidates; archive-candidate-for-multiple-git-commits; git-commit-has-multiple-archive-candidates; git-candidate-not-unique-top"
"RICE","RICE","2273832430","2273832430|10","1","2273832430|12","3","1","dcb50b0af9410c380ba4da4ed5d25e9b1a0540d2","UNIQUE_PROJECTED_GIT_MATCH","archive-candidate-for-multiple-git-commits; git-commit-has-multiple-archive-candidates; archive-candidate-for-multiple-git-commits; git-commit-has-multiple-archive-candidates; git-candidate-not-unique-top"
"RICE","RICE","2273832430","2273832430|11","1","2273832430|13","4","1","928fd31902aae67f7ed963ea988f98ed8a9746b2","UNIQUE_PROJECTED_GIT_MATCH","archive-candidate-for-multiple-git-commits; git-commit-has-multiple-archive-candidates; steam-git-event-ambiguity; archive-candidate-for-multiple-git-commits; git-commit-has-multiple-archive-candidates; steam-git-event-ambiguity; git-candidate-not-unique-top"
"RICE","RICE","2273832430","2273832430|29","1","2273832430|36","15","0","","NO_PROJECTED_GIT_MATCH","archive-candidate-for-multiple-git-commits; steam-git-event-ambiguity; git-candidate-not-unique-top; archive-candidate-for-multiple-git-commits; git-commit-has-multiple-archive-candidates; steam-git-event-ambiguity; git-candidate-not-unique-top"
"Special-World","SW","2875587269","2875587269|1","1","2875587269|1","2","1","62f33e63129a4196cf45d750c5c4f9316cd368fe","UNIQUE_PROJECTED_GIT_MATCH","current-head-evidence; archive-candidate-for-multiple-git-commits; archive-candidate-for-multiple-git-commits; git-candidate-not-unique-top"
"Special-World","SW","2875587269","2875587269|2","1","2875587269|6","2","0","","NO_PROJECTED_GIT_MATCH","archive-candidate-for-multiple-git-commits; steam-git-event-ambiguity; archive-candidate-for-multiple-git-commits; steam-git-event-ambiguity; git-candidate-not-unique-top"
"Special-World","SW","2875587269","2875587269|3","1","2875587269|16","3","1","83032b87bb5b0f3ab378fb348fa4610f3ed71110","UNIQUE_PROJECTED_GIT_MATCH","archive-candidate-for-multiple-git-commits; archive-candidate-for-multiple-git-commits; git-candidate-not-unique-top"
"Special-World","SW","2875587269","2875587269|5","1","2875587269|22","3","1","1eeaf8d51248fc7c41d8340a9ce7353020550954","UNIQUE_PROJECTED_GIT_MATCH","archive-candidate-for-multiple-git-commits; git-commit-has-multiple-archive-candidates; archive-candidate-for-multiple-git-commits; git-commit-has-multiple-archive-candidates; git-candidate-not-unique-top"
"Special-World","SW","2875587269","2875587269|6","1","2875587269|23","6","1","d78a822ab3d7e0eae87367e2a2230fd7ef0b7090","UNIQUE_PROJECTED_GIT_MATCH","archive-candidate-for-multiple-git-commits; git-commit-has-multiple-archive-candidates; archive-candidate-for-multiple-git-commits; git-commit-has-multiple-archive-candidates; git-candidate-not-unique-top; archive-candidate-for-multiple-git-commits; git-candidate-not-unique-top"
"Special-World","SW","2875587269","2875587269|7","1","2875587269|30","3","1","079d5a19aae0272124debd3075f1be8c94c2a127","UNIQUE_PROJECTED_GIT_MATCH","archive-candidate-for-multiple-git-commits; git-commit-has-multiple-archive-candidates; archive-candidate-for-multiple-git-commits; git-commit-has-multiple-archive-candidates; git-candidate-not-unique-top"
"Special-World","SW","2875587269","2875587269|8","1","2875587269|31","4","1","9f4303d3f29ed5b04b3589ffdd2c069f44f8e811","UNIQUE_PROJECTED_GIT_MATCH","archive-candidate-for-multiple-git-commits; git-commit-has-multiple-archive-candidates; steam-git-event-ambiguity; archive-candidate-for-multiple-git-commits; git-commit-has-multiple-archive-candidates; steam-git-event-ambiguity; git-candidate-not-unique-top"
"Special-World","SW","2875587269","2875587269|9","1","2875587269|32","4","1","7a988841a4ba8a4aaf107e9a743a9127443de517","UNIQUE_PROJECTED_GIT_MATCH","archive-candidate-for-multiple-git-commits; git-commit-has-multiple-archive-candidates; steam-git-event-ambiguity; archive-candidate-for-multiple-git-commits; git-commit-has-multiple-archive-candidates; steam-git-event-ambiguity; git-candidate-not-unique-top"
"Special-World","SW","2875587269","2875587269|10","1","2875587269|36","4","1","82f9a80b847cebb359e9b8797be9b85058fc99e7","UNIQUE_PROJECTED_GIT_MATCH","archive-candidate-for-multiple-git-commits; archive-candidate-for-multiple-git-commits; git-commit-has-multiple-archive-candidates; git-candidate-not-unique-top"
"Special-World","SW","2875587269","2875587269|11","1","2875587269|38","4","1","be266d10ef71a8ae6d1b26920fcb063039aa7d5c","UNIQUE_PROJECTED_GIT_MATCH","archive-candidate-for-multiple-git-commits; git-commit-has-multiple-archive-candidates; archive-candidate-for-multiple-git-commits; git-candidate-not-unique-top; archive-candidate-for-multiple-git-commits; git-commit-has-multiple-archive-candidates; git-candidate-not-unique-top"
"Special-World","SW","2875587269","2875587269|12","1","2875587269|43","2","0","","NO_PROJECTED_GIT_MATCH","archive-candidate-for-multiple-git-commits; git-commit-has-multiple-archive-candidates; steam-git-event-ambiguity; archive-candidate-for-multiple-git-commits; git-commit-has-multiple-archive-candidates; steam-git-event-ambiguity; git-candidate-not-unique-top"
"Special-World","SW","2875587269","2875587269|13","1","2875587269|45","2","1","fc1bca8d5e65a0a82dfb0ac58e4d4858ed83afac","UNIQUE_PROJECTED_GIT_MATCH","archive-candidate-for-multiple-git-commits; git-commit-has-multiple-archive-candidates; archive-candidate-for-multiple-git-commits; git-commit-has-multiple-archive-candidates; git-candidate-not-unique-top"
"Special-World","SW","2875587269","2875587269|14","1","2875587269|46","2","1","688be509388ead75fa299018dcdde17ba4c8f5f5","UNIQUE_PROJECTED_GIT_MATCH","archive-candidate-for-multiple-git-commits; git-commit-has-multiple-archive-candidates; archive-candidate-for-multiple-git-commits; git-commit-has-multiple-archive-candidates; git-candidate-not-unique-top"
"Special-World","SW","2875587269","2875587269|15","1","2875587269|47","2","1","59197499171ff9f910d90d8b03407b7388b43847","UNIQUE_PROJECTED_GIT_MATCH","archive-candidate-for-multiple-git-commits; git-commit-has-multiple-archive-candidates; archive-candidate-for-multiple-git-commits; git-commit-has-multiple-archive-candidates; git-candidate-not-unique-top"
"Special-World","SW","2875587269","2875587269|16","1","2875587269|48","3","1","825da8e0f5e4b60f964301e80c5665a8a8426fc2","UNIQUE_PROJECTED_GIT_MATCH","archive-candidate-for-multiple-git-commits; steam-git-event-ambiguity; git-candidate-not-unique-top; archive-candidate-for-multiple-git-commits; git-commit-has-multiple-archive-candidates; steam-git-event-ambiguity; git-candidate-not-unique-top"
"Special-World","SW","2875587269","2875587269|17","1","2875587269|50","2","1","bd48aaacb89f48226bbaf66fad12ba33907e5c46","UNIQUE_PROJECTED_GIT_MATCH","archive-candidate-for-multiple-git-commits; git-commit-has-multiple-archive-candidates; steam-git-event-ambiguity; archive-candidate-for-multiple-git-commits; git-commit-has-multiple-archive-candidates; steam-git-event-ambiguity; git-candidate-not-unique-top"
"Special-World","SW","2875587269","2875587269|18","1","2875587269|51","1","0","","NO_PROJECTED_GIT_MATCH","git-commit-has-multiple-archive-candidates"
"Special-World","SW","2875587269","2875587269|19","1","2875587269|52","1","0","","NO_PROJECTED_GIT_MATCH","git-commit-has-multiple-archive-candidates; steam-git-event-ambiguity"
"Special-World","SW","2875587269","2875587269|23","1","2875587269|58","1","0","","NO_PROJECTED_GIT_MATCH","git-commit-has-multiple-archive-candidates; steam-git-event-ambiguity"
"Special-World","SW","2875587269","2875587269|24","1","2875587269|59","1","0","","NO_PROJECTED_GIT_MATCH","git-commit-has-multiple-archive-candidates; steam-git-event-ambiguity"
"Special-World","SW","2875587269","2875587269|25","1","2875587269|60","1","1","8cff9607cb4a5bbf4772156f15f62b5564764df4","UNIQUE_PROJECTED_GIT_MATCH","steam-git-event-ambiguity"
