"Repo","FirstPassRevisionCount","CompleteCount","PendingCount","ErrorCount","UniqueMatchCount","MultipleMatchCount","NoMatchCount"
"Community-Flavor-Pack","1","1","0","0","1","0","0"
"Culture-and-Faith-Granularity","2","2","0","0","1","0","1"
"Culture-Expanded","2","2","0","0","2","0","0"
"EPE-CFP","5","5","0","0","4","0","1"
"Ethnicities-and-Portraits-Expanded","5","5","0","0","3","1","1"
"MBP-EPE-CFP","1","1","0","0","1","0","0"
"MPE","3","3","0","0","3","0","0"
"RICE","12","12","0","0","11","0","1"
"Special-World","21","21","0","0","15","0","6"
