"Repo","SteamEventCount","KnownExistingCount","KnownRecoveredCount","KnownMissingCount","UnverifiedCount"
"Community-Flavor-Pack","129","1","0","0","128"
"Culture-and-Faith-Granularity","26","1","0","0","25"
"Culture-Expanded","54","2","0","0","52"
"Demand-Tribute","11","0","0","0","11"
"EPE-CFP","44","4","0","0","40"
"Ethnicities-and-Portraits-Expanded","86","3","0","0","83"
"MBP-EPE-CFP","191","1","0","0","190"
"MedievalImmersion","27","0","0","0","27"
"MPE","9","3","0","0","6"
"RICE","120","11","0","0","109"
"Special-World","470","16","0","0","454"
"Turkic-World-Expanded","3","0","0","0","3"
"Western-Steppe-Expanded","28","0","0","0","28"
