"EventKey","Repo","Abbreviation","WorkshopId","SkymodsRevisionKey","VerificationStatus","CandidateGitCommitCount","ExactProjectedGitMatchCount","MatchedGitCommitShas","DescriptorWorkshopIdMatches","DescriptorCountInArchive","DescriptorRemoteFileId","AlignmentFound","DominantTemporalAlignment","BidirectionalUniqueAlignment","TemporalPairStatus","ObservedOffsetHours","ArchiveSha256","DuplicateArchiveCount","DuplicateArchiveRevisionKeys","DescriptorOnlyNearMatchCount","DescriptorOnlyNearMatchGitShas","Analysis07Reason"
"2220098919|3","Community-Flavor-Pack","CFP","2220098919","2220098919|3","UNIQUE_PROJECTED_GIT_MATCH","1","1","115aefd26240f208fe4a9ce7ab3c867ca1e6a8ea","True","1","2220098919","True","True","True","BIDIRECTIONAL_UNIQUE","8","2fda79b5c4bc80de76c37a7a35ebd266a78546edca0512f53658882a073114ed","1","2220098919|3","0","","steam-git-event-ambiguity"
"3206891770|3","Culture-and-Faith-Granularity","CFG","3206891770","3206891770|2","UNIQUE_PROJECTED_GIT_MATCH","1","1","2e2602f56ee08890cc915690989b121c299ca8d0","True","1","3206891770","True","True","True","BIDIRECTIONAL_UNIQUE","8","cb2d37d94e98c95a4597af10e2b28798e486343349a56dccc71c1896c5f05ccc","1","3206891770|2","0","","steam-git-event-ambiguity"
"3206891770|13","Culture-and-Faith-Granularity","CFG","3206891770","3206891770|11","NO_PROJECTED_GIT_MATCH","1","0","","True","1","3206891770","True","True","True","BIDIRECTIONAL_UNIQUE","7","333b11faf92e3bf83a97a79fe6404d57603028fe026bff6f2612542b6669b3d2","1","3206891770|11","1","3b866d6489ab4552cf501aebce5f7836c90c45a5","steam-git-event-ambiguity"
"2829397295|2","Culture-Expanded","CE","2829397295","2829397295|2","UNIQUE_PROJECTED_GIT_MATCH","1","1","0804f6a73ecb93a2bfc8b048ae2730c242388a92","True","1","2829397295","True","True","True","BIDIRECTIONAL_UNIQUE","7","633492efc35793be4629f85e74325ca4842abe4bb9c8412a0e7b0aa441edb390","1","2829397295|2","0","","steam-git-event-ambiguity"
"2829397295|4","Culture-Expanded","CE","2829397295","2829397295|3","UNIQUE_PROJECTED_GIT_MATCH","2","1","8a0cffb5c6f82b7addeb8e91e25799b95d3689ae","True","1","2829397295","True","True","True","BIDIRECTIONAL_UNIQUE","7","da28c5050f2e552bf2a0e914218b963e8e68ea0340edb89d89b045c7f37e0798","1","2829397295|3","0","","archive-candidate-for-multiple-git-commits; archive-candidate-for-multiple-git-commits; git-candidate-not-unique-top"
"2996881191|3","EPE-CFP","EPE-CFP","2996881191","2996881191|3","UNIQUE_PROJECTED_GIT_MATCH","2","1","dbebe469551c494e9481693a5ef74dcc847c77b7","True","1","2996881191","True","True","True","BIDIRECTIONAL_UNIQUE","7","013cb80cef1d3a2bd2b2682574e4d5f3f46be48c46054dd3f8b577baaf3cade8","1","2996881191|3","0","","archive-candidate-for-multiple-git-commits; archive-candidate-for-multiple-git-commits; git-candidate-not-unique-top"
"2996881191|7","EPE-CFP","EPE-CFP","2996881191","2996881191|6","UNIQUE_PROJECTED_GIT_MATCH","1","1","25284d7351b6cdc292cdccb3ceed15ef5336622f","True","1","2996881191","True","True","True","BIDIRECTIONAL_UNIQUE","8","512e0bad8d31063278a2a176d40a4bd40b1b9a0cbba102659e98b2c0b26458fd","1","2996881191|6","0","","git-commit-has-multiple-archive-candidates"
"2996881191|8","EPE-CFP","EPE-CFP","2996881191","2996881191|7","NO_PROJECTED_GIT_MATCH","1","0","","True","1","2996881191","True","True","True","BIDIRECTIONAL_UNIQUE","8","f8982f70f2bc83986a61e8a3344f75ae0a31933010cfa4876c69653aab67fd5c","1","2996881191|7","1","25284d7351b6cdc292cdccb3ceed15ef5336622f","git-commit-has-multiple-archive-candidates; steam-git-event-ambiguity"
"2996881191|9","EPE-CFP","EPE-CFP","2996881191","2996881191|8","UNIQUE_PROJECTED_GIT_MATCH","2","1","4ce6ce712925f0b928664bfbda395ca2b98fda0d","True","1","2996881191","True","True","True","BIDIRECTIONAL_UNIQUE","8","a8222e1d4c723d5598aa41725ac039367af6055051577176f14605ae5fb8e92c","1","2996881191|8","0","","archive-candidate-for-multiple-git-commits; git-commit-has-multiple-archive-candidates; archive-candidate-for-multiple-git-commits; git-commit-has-multiple-archive-candidates; git-candidate-not-unique-top"
"2996881191|12","EPE-CFP","EPE-CFP","2996881191","2996881191|9","UNIQUE_PROJECTED_GIT_MATCH","2","1","821c8f1f68c5aa8245e3653bff2d275e2a43fd3f","True","1","2996881191","True","True","True","BIDIRECTIONAL_UNIQUE","8","333dd765e0f6536f1b354547b290e36a8e451393c8302fd71154b8fa01f6a223","1","2996881191|9","0","","archive-candidate-for-multiple-git-commits; git-commit-has-multiple-archive-candidates; archive-candidate-for-multiple-git-commits; git-commit-has-multiple-archive-candidates; git-candidate-not-unique-top"
"2507209632|3","Ethnicities-and-Portraits-Expanded","EPE","2507209632","2507209632|3","UNIQUE_PROJECTED_GIT_MATCH","3","1","89af2c6f05c3e771a5d540012639759e8bdbb804","True","1","2507209632","True","True","True","BIDIRECTIONAL_UNIQUE","7","b9773fc694ad793b4f74be2ab7bb409119f22788aa5ad12cbd70cd0f468a33cc","1","2507209632|3","0","","archive-candidate-for-multiple-git-commits; steam-git-event-ambiguity; archive-candidate-for-multiple-git-commits; steam-git-event-ambiguity; git-candidate-not-unique-top"
"2507209632|7","Ethnicities-and-Portraits-Expanded","EPE","2507209632","2507209632|4","MULTIPLE_PROJECTED_GIT_MATCHES","3","2","01623125ad685892e015bde075febb957368e178|e22986746fdb4b6cca0724d22e5a4089c1ada711","True","1","2507209632","True","True","True","BIDIRECTIONAL_UNIQUE","7","c27ef982ba62ba6e6ffb2900b6e4ef4786ca268bbf1a7e2e606a894eaf0f325f","1","2507209632|4","0","","archive-candidate-for-multiple-git-commits; steam-git-event-ambiguity; git-candidate-not-unique-top"
"2507209632|10","Ethnicities-and-Portraits-Expanded","EPE","2507209632","2507209632|7","UNIQUE_PROJECTED_GIT_MATCH","3","1","bea606d31f179e2f4e6552ab88b613bbe6bf4619","True","1","2507209632","True","True","True","BIDIRECTIONAL_UNIQUE","8","1834f10496230b4957fa15fa73661dcb538af40d890aba320e1793176fec21d3","1","2507209632|7","0","","archive-candidate-for-multiple-git-commits; archive-candidate-for-multiple-git-commits; git-candidate-not-unique-top"
"2507209632|12","Ethnicities-and-Portraits-Expanded","EPE","2507209632","2507209632|8","UNIQUE_PROJECTED_GIT_MATCH","2","1","541b16c138e3574ce547b5a4a43ef3cfdf215854","True","1","2507209632","True","True","True","BIDIRECTIONAL_UNIQUE","8","7ee59b0a3c0a8459a298f9b466bf87f43aa7c9447c50ecbf7c0d91d3b0dfe384","1","2507209632|8","0","","archive-candidate-for-multiple-git-commits; steam-git-event-ambiguity; archive-candidate-for-multiple-git-commits; git-commit-has-multiple-archive-candidates; steam-git-event-ambiguity; git-candidate-not-unique-top"
"2507209632|15","Ethnicities-and-Portraits-Expanded","EPE","2507209632","2507209632|9","NO_PROJECTED_GIT_MATCH","1","0","","True","1","2507209632","True","True","True","BIDIRECTIONAL_UNIQUE","8","b8551ccd90df77550b96c73424efec8ede854d674495a2a118d0690e8e99aedd","1","2507209632|9","1","b36c5a961967d25e197c816b18a6aaf7eaa0428c","git-commit-has-multiple-archive-candidates; steam-git-event-ambiguity"
"2543865921|5","MBP-EPE-CFP","MBP-EPE-CFP","2543865921","2543865921|3","UNIQUE_PROJECTED_GIT_MATCH","1","1","c86a00c074ec2900035bcd8cca81c850b38d6a3c","True","1","2543865921","True","True","True","BIDIRECTIONAL_UNIQUE","7","46cf8459443da6108268d72be63d666804d25f2fae409bb5df90cbb9e5ce7584","1","2543865921|3","0","","steam-git-event-ambiguity"
"3726274827|2","MPE","MPE","3726274827","3726274827|2","UNIQUE_PROJECTED_GIT_MATCH","1","1","3273a06395ca26775180f80c19adcba89fbe4fe3","True","1","3726274827","True","True","True","BIDIRECTIONAL_UNIQUE","7","9135bce9f6b8133a9db25f8c5334946c233f9c326dec2b594fce2e9151f6b535","1","3726274827|2","0","","steam-git-event-ambiguity"
"3726274827|5","MPE","MPE","3726274827","3726274827|4","UNIQUE_PROJECTED_GIT_MATCH","3","1","2b645ef19806ff0fc1030944bba5f607da2e25d8","True","1","3726274827","True","True","True","BIDIRECTIONAL_UNIQUE","7","49e4abef6771d21dcddfc679d29a7925f7021b24fea3ba9dd1337810b962f2e2","1","3726274827|4","0","","archive-candidate-for-multiple-git-commits; git-commit-has-multiple-archive-candidates; archive-candidate-for-multiple-git-commits; git-commit-has-multiple-archive-candidates; git-candidate-not-unique-top"
"3726274827|7","MPE","MPE","3726274827","3726274827|5","UNIQUE_PROJECTED_GIT_MATCH","3","1","bda26e2f7f05946fad97191229afe72c6d9a3f9e","True","1","3726274827","True","True","True","BIDIRECTIONAL_UNIQUE","7","04097b7a7de14fafa9ae4543784044dc3c88439ea66575c0f149a0a989ad61e1","1","3726274827|5","0","","archive-candidate-for-multiple-git-commits; git-commit-has-multiple-archive-candidates; steam-git-event-ambiguity; git-candidate-not-unique-top"
"2273832430|2","RICE","RICE","2273832430","2273832430|1","UNIQUE_PROJECTED_GIT_MATCH","1","1","9a3484844539b6a48bad484b98d189216412077d","True","1","2273832430","True","True","True","BIDIRECTIONAL_UNIQUE","7","48001e9c501a03f094dac84d0fa72f2145c2a61055deb6f1843c61aa773e5609","1","2273832430|1","0","","git-commit-has-multiple-archive-candidates"
"2273832430|3","RICE","RICE","2273832430","2273832430|2","UNIQUE_PROJECTED_GIT_MATCH","1","1","9a8ce64d80233a6e638a628b3db4bbcea64c3ebb","True","1","2273832430","True","True","True","BIDIRECTIONAL_UNIQUE","7","37ecae29570b75a882cd119ca9dadca796c0ddd4b9d58c23b83111d30197e3e4","1","2273832430|2","0","","git-commit-has-multiple-archive-candidates"
"2273832430|4","RICE","RICE","2273832430","2273832430|3","UNIQUE_PROJECTED_GIT_MATCH","1","1","4615a5c22b57137e721bbc088bf3847b0b524045","True","1","2273832430","True","True","True","BIDIRECTIONAL_UNIQUE","7","43da75962959d987834620c0637188494593629ba069c92508e6bde6a114c441","1","2273832430|3","0","","git-commit-has-multiple-archive-candidates"
"2273832430|5","RICE","RICE","2273832430","2273832430|4","UNIQUE_PROJECTED_GIT_MATCH","2","1","d3f0ed7d2ba5c7fe349d23e4c90bd7bfdf25b5a4","True","1","2273832430","True","True","True","BIDIRECTIONAL_UNIQUE","7","1dacf3052a26d8fc17800976ec016d50c58476c3dd80cb4ee20fd166944078dd","1","2273832430|4","0","","archive-candidate-for-multiple-git-commits; git-commit-has-multiple-archive-candidates; archive-candidate-for-multiple-git-commits; git-commit-has-multiple-archive-candidates; git-candidate-not-unique-top"
"2273832430|7","RICE","RICE","2273832430","2273832430|5","UNIQUE_PROJECTED_GIT_MATCH","1","1","857b1d0f4a5be85306d3c9bc9658f8da21a8b0d7","True","1","2273832430","True","True","True","BIDIRECTIONAL_UNIQUE","6","d9e5b3b686cbfef2b8657eb5a6003f72e86eed97d813c7668348845c8d24ea23","1","2273832430|5","0","","git-commit-has-multiple-archive-candidates"
"2273832430|8","RICE","RICE","2273832430","2273832430|6","UNIQUE_PROJECTED_GIT_MATCH","3","1","e2f5f564b25bd86dd6517cc40bf7442475aed41c","True","1","2273832430","True","True","True","BIDIRECTIONAL_UNIQUE","8","2b5d1b6a682f70817510a18d0e846531a4bb30c70cee1373280da59893cf9cf4","1","2273832430|6","0","","archive-candidate-for-multiple-git-commits; git-commit-has-multiple-archive-candidates; archive-candidate-for-multiple-git-commits; git-commit-has-multiple-archive-candidates; git-candidate-not-unique-top"
"2273832430|9","RICE","RICE","2273832430","2273832430|7","UNIQUE_PROJECTED_GIT_MATCH","3","1","49e14a0204f299d58a4faa2d0ea74d21a1fbbcd5","True","1","2273832430","True","True","True","BIDIRECTIONAL_UNIQUE","8","a9dc6271206885ffb439ea47ca2f212a01e3023d7706592cdff5e0c294cf1143","1","2273832430|7","0","","archive-candidate-for-multiple-git-commits; git-commit-has-multiple-archive-candidates; steam-git-event-ambiguity; archive-candidate-for-multiple-git-commits; git-commit-has-multiple-archive-candidates; steam-git-event-ambiguity; git-candidate-not-unique-top"
"2273832430|10","RICE","RICE","2273832430","2273832430|8","UNIQUE_PROJECTED_GIT_MATCH","2","1","9e37de2ebb79670977fa6a1f7ac4c334f2b6400f","True","1","2273832430","True","True","True","BIDIRECTIONAL_UNIQUE","8","0486bf28ef1109b3887076b3e7de5e7e06c481dfbe3b66f77db9e1bfbc57ff69","1","2273832430|8","0","","archive-candidate-for-multiple-git-commits; git-commit-has-multiple-archive-candidates; archive-candidate-for-multiple-git-commits; git-commit-has-multiple-archive-candidates; git-candidate-not-unique-top"
"2273832430|11","RICE","RICE","2273832430","2273832430|9","UNIQUE_PROJECTED_GIT_MATCH","3","1","3fccb9af9d3a57422f919b096eee2e1f9aca1f88","True","1","2273832430","True","True","True","BIDIRECTIONAL_UNIQUE","8","6eafefa2bbbf63640346d36dc11a10f627974d292377535b6cc5e8dde5ebec0e","1","2273832430|9","0","","archive-candidate-for-multiple-git-commits; git-commit-has-multiple-archive-candidates; archive-candidate-for-multiple-git-commits; git-commit-has-multiple-archive-candidates; git-candidate-not-unique-top"
"2273832430|12","RICE","RICE","2273832430","2273832430|10","UNIQUE_PROJECTED_GIT_MATCH","3","1","dcb50b0af9410c380ba4da4ed5d25e9b1a0540d2","True","1","2273832430","True","True","True","BIDIRECTIONAL_UNIQUE","8","d99c9cb94a3db2c1d1c910f9c12dddcd35f801ecb14b82f548114523b3b8c32c","1","2273832430|10","0","","archive-candidate-for-multiple-git-commits; git-commit-has-multiple-archive-candidates; archive-candidate-for-multiple-git-commits; git-commit-has-multiple-archive-candidates; git-candidate-not-unique-top"
"2273832430|13","RICE","RICE","2273832430","2273832430|11","UNIQUE_PROJECTED_GIT_MATCH","4","1","928fd31902aae67f7ed963ea988f98ed8a9746b2","True","1","2273832430","True","True","True","BIDIRECTIONAL_UNIQUE","8","1574f2076e9c9816f3a5b4e3272aae47797f1f6466d5d0cc10a44565d6ddf06f","1","2273832430|11","0","","archive-candidate-for-multiple-git-commits; git-commit-has-multiple-archive-candidates; steam-git-event-ambiguity; archive-candidate-for-multiple-git-commits; git-commit-has-multiple-archive-candidates; steam-git-event-ambiguity; git-candidate-not-unique-top"
"2273832430|36","RICE","RICE","2273832430","2273832430|29","NO_PROJECTED_GIT_MATCH","15","0","","True","1","2273832430","True","True","True","BIDIRECTIONAL_UNIQUE","7","9f9b75e0a02fa35631fbbbdaf4448d35b98c264e212041ac125b0364f6ae9f87","1","2273832430|29","0","","archive-candidate-for-multiple-git-commits; steam-git-event-ambiguity; git-candidate-not-unique-top; archive-candidate-for-multiple-git-commits; git-commit-has-multiple-archive-candidates; steam-git-event-ambiguity; git-candidate-not-unique-top"
"2875587269|1","Special-World","SW","2875587269","2875587269|1","UNIQUE_PROJECTED_GIT_MATCH","2","1","62f33e63129a4196cf45d750c5c4f9316cd368fe","True","1","2875587269","True","True","True","BIDIRECTIONAL_UNIQUE","7","297d2cfce298b0dbf31830b123c4f232487cb27bf2e00f7e718a8e840cc8268c","2","2875587269|1;2875587269|2","0","","current-head-evidence; archive-candidate-for-multiple-git-commits; archive-candidate-for-multiple-git-commits; git-candidate-not-unique-top"
"2875587269|6","Special-World","SW","2875587269","2875587269|2","NO_PROJECTED_GIT_MATCH","2","0","","True","1","2875587269","True","True","True","BIDIRECTIONAL_UNIQUE","7","297d2cfce298b0dbf31830b123c4f232487cb27bf2e00f7e718a8e840cc8268c","2","2875587269|1;2875587269|2","0","","archive-candidate-for-multiple-git-commits; steam-git-event-ambiguity; archive-candidate-for-multiple-git-commits; steam-git-event-ambiguity; git-candidate-not-unique-top"
"2875587269|16","Special-World","SW","2875587269","2875587269|3","UNIQUE_PROJECTED_GIT_MATCH","3","1","83032b87bb5b0f3ab378fb348fa4610f3ed71110","True","1","2875587269","True","True","True","BIDIRECTIONAL_UNIQUE","7","6c323e86ebdcadc59f604202b9bf06cf4da10cc0d498eba76d8a7405ca82a77e","1","2875587269|3","0","","archive-candidate-for-multiple-git-commits; archive-candidate-for-multiple-git-commits; git-candidate-not-unique-top"
"2875587269|22","Special-World","SW","2875587269","2875587269|5","UNIQUE_PROJECTED_GIT_MATCH","3","1","1eeaf8d51248fc7c41d8340a9ce7353020550954","True","1","2875587269","True","True","True","BIDIRECTIONAL_UNIQUE","7","a9b7de71c52be5c849c4dc1e3926351ddb2b6e24cca5801ca59bdaeb700cc373","1","2875587269|5","0","","archive-candidate-for-multiple-git-commits; git-commit-has-multiple-archive-candidates; archive-candidate-for-multiple-git-commits; git-commit-has-multiple-archive-candidates; git-candidate-not-unique-top"
"2875587269|23","Special-World","SW","2875587269","2875587269|6","UNIQUE_PROJECTED_GIT_MATCH","6","1","d78a822ab3d7e0eae87367e2a2230fd7ef0b7090","True","1","2875587269","True","True","True","BIDIRECTIONAL_UNIQUE","7","ce1d3409f4de998cfcc6916d73b77824f5c8cf70df4ae861efcbd49828fe462f","1","2875587269|6","0","","archive-candidate-for-multiple-git-commits; git-commit-has-multiple-archive-candidates; archive-candidate-for-multiple-git-commits; git-commit-has-multiple-archive-candidates; git-candidate-not-unique-top; archive-candidate-for-multiple-git-commits; git-candidate-not-unique-top"
"2875587269|30","Special-World","SW","2875587269","2875587269|7","UNIQUE_PROJECTED_GIT_MATCH","3","1","079d5a19aae0272124debd3075f1be8c94c2a127","True","1","2875587269","True","True","True","BIDIRECTIONAL_UNIQUE","7","a2a8a509632ab01dfb6fdb7b396637aa11b566e3a9ee3574d8bf41afef970a14","1","2875587269|7","0","","archive-candidate-for-multiple-git-commits; git-commit-has-multiple-archive-candidates; archive-candidate-for-multiple-git-commits; git-commit-has-multiple-archive-candidates; git-candidate-not-unique-top"
"2875587269|31","Special-World","SW","2875587269","2875587269|8","UNIQUE_PROJECTED_GIT_MATCH","4","1","9f4303d3f29ed5b04b3589ffdd2c069f44f8e811","True","1","2875587269","True","True","True","BIDIRECTIONAL_UNIQUE","7","e1d56be59f56bbd6b6f6358942e39fbf8346340a6326f2497741ea198718fb6e","1","2875587269|8","0","","archive-candidate-for-multiple-git-commits; git-commit-has-multiple-archive-candidates; steam-git-event-ambiguity; archive-candidate-for-multiple-git-commits; git-commit-has-multiple-archive-candidates; steam-git-event-ambiguity; git-candidate-not-unique-top"
"2875587269|32","Special-World","SW","2875587269","2875587269|9","UNIQUE_PROJECTED_GIT_MATCH","4","1","7a988841a4ba8a4aaf107e9a743a9127443de517","True","1","2875587269","True","True","True","BIDIRECTIONAL_UNIQUE","7","f4dfddfcf5ca94581656ac871e8946896f94df11a5033cab1696e25ff4c7eeeb","1","2875587269|9","0","","archive-candidate-for-multiple-git-commits; git-commit-has-multiple-archive-candidates; steam-git-event-ambiguity; archive-candidate-for-multiple-git-commits; git-commit-has-multiple-archive-candidates; steam-git-event-ambiguity; git-candidate-not-unique-top"
"2875587269|36","Special-World","SW","2875587269","2875587269|10","UNIQUE_PROJECTED_GIT_MATCH","4","1","82f9a80b847cebb359e9b8797be9b85058fc99e7","True","1","2875587269","True","True","True","BIDIRECTIONAL_UNIQUE","8","d00b6e598a53cfd5b47d1ce55ba014520ca21de43e08ae7397794dbfa309fe95","1","2875587269|10","0","","archive-candidate-for-multiple-git-commits; archive-candidate-for-multiple-git-commits; git-commit-has-multiple-archive-candidates; git-candidate-not-unique-top"
"2875587269|38","Special-World","SW","2875587269","2875587269|11","UNIQUE_PROJECTED_GIT_MATCH","4","1","be266d10ef71a8ae6d1b26920fcb063039aa7d5c","True","1","2875587269","True","True","True","BIDIRECTIONAL_UNIQUE","8","85a9d579355a7234916ac696b6b6766d99dfe39488ff6e78458ec208e9863c80","1","2875587269|11","0","","archive-candidate-for-multiple-git-commits; git-commit-has-multiple-archive-candidates; archive-candidate-for-multiple-git-commits; git-candidate-not-unique-top; archive-candidate-for-multiple-git-commits; git-commit-has-multiple-archive-candidates; git-candidate-not-unique-top"
"2875587269|43","Special-World","SW","2875587269","2875587269|12","NO_PROJECTED_GIT_MATCH","2","0","","True","1","2875587269","True","True","True","BIDIRECTIONAL_UNIQUE","8","586b6b744d2416fe71c5e4586d9fb3c11c568a661cb5cd45e23a1176a4164e8f","1","2875587269|12","0","","archive-candidate-for-multiple-git-commits; git-commit-has-multiple-archive-candidates; steam-git-event-ambiguity; archive-candidate-for-multiple-git-commits; git-commit-has-multiple-archive-candidates; steam-git-event-ambiguity; git-candidate-not-unique-top"
"2875587269|45","Special-World","SW","2875587269","2875587269|13","UNIQUE_PROJECTED_GIT_MATCH","2","1","fc1bca8d5e65a0a82dfb0ac58e4d4858ed83afac","True","1","2875587269","True","True","True","BIDIRECTIONAL_UNIQUE","8","a121419fe763692015ace061b160366e1edca4e84b448b7f3fba9b604a210a3f","1","2875587269|13","0","","archive-candidate-for-multiple-git-commits; git-commit-has-multiple-archive-candidates; archive-candidate-for-multiple-git-commits; git-commit-has-multiple-archive-candidates; git-candidate-not-unique-top"
"2875587269|46","Special-World","SW","2875587269","2875587269|14","UNIQUE_PROJECTED_GIT_MATCH","2","1","688be509388ead75fa299018dcdde17ba4c8f5f5","True","1","2875587269","True","True","True","BIDIRECTIONAL_UNIQUE","8","b1267838f445d893e55894e1f650ee72ee7d931ae9afe23e6ac7cf73ef33706b","1","2875587269|14","0","","archive-candidate-for-multiple-git-commits; git-commit-has-multiple-archive-candidates; archive-candidate-for-multiple-git-commits; git-commit-has-multiple-archive-candidates; git-candidate-not-unique-top"
"2875587269|47","Special-World","SW","2875587269","2875587269|15","UNIQUE_PROJECTED_GIT_MATCH","2","1","59197499171ff9f910d90d8b03407b7388b43847","True","1","2875587269","True","True","True","BIDIRECTIONAL_UNIQUE","8","b4b83cf32a8846fbe3cebe2fdd229d2cc5705ed0eda0fb017ea378153b69de55","1","2875587269|15","0","","archive-candidate-for-multiple-git-commits; git-commit-has-multiple-archive-candidates; archive-candidate-for-multiple-git-commits; git-commit-has-multiple-archive-candidates; git-candidate-not-unique-top"
"2875587269|48","Special-World","SW","2875587269","2875587269|16","UNIQUE_PROJECTED_GIT_MATCH","3","1","825da8e0f5e4b60f964301e80c5665a8a8426fc2","True","1","2875587269","True","True","True","BIDIRECTIONAL_UNIQUE","8","9e17e1032bcf21ae9dd32ef67758cb2bd856c322cc5ff8a0bbb49b8ff3a49044","1","2875587269|16","0","","archive-candidate-for-multiple-git-commits; steam-git-event-ambiguity; git-candidate-not-unique-top; archive-candidate-for-multiple-git-commits; git-commit-has-multiple-archive-candidates; steam-git-event-ambiguity; git-candidate-not-unique-top"
"2875587269|50","Special-World","SW","2875587269","2875587269|17","UNIQUE_PROJECTED_GIT_MATCH","2","1","bd48aaacb89f48226bbaf66fad12ba33907e5c46","True","1","2875587269","True","True","True","BIDIRECTIONAL_UNIQUE","8","b2dad3842df34a507835d06a38e6039d8ae0c1e653221e8f52906c8461d90d46","1","2875587269|17","0","","archive-candidate-for-multiple-git-commits; git-commit-has-multiple-archive-candidates; steam-git-event-ambiguity; archive-candidate-for-multiple-git-commits; git-commit-has-multiple-archive-candidates; steam-git-event-ambiguity; git-candidate-not-unique-top"
"2875587269|51","Special-World","SW","2875587269","2875587269|18","NO_PROJECTED_GIT_MATCH","1","0","","True","1","2875587269","True","True","True","BIDIRECTIONAL_UNIQUE","8","b34795692a2a0527c802f17944ea62906b3327a06ab6ff540a8e7f3169ad0016","1","2875587269|18","0","","git-commit-has-multiple-archive-candidates"
"2875587269|52","Special-World","SW","2875587269","2875587269|19","NO_PROJECTED_GIT_MATCH","1","0","","True","1","2875587269","True","True","True","BIDIRECTIONAL_UNIQUE","8","1ba25e0ba9cda9c9cc9ac7ec4f5fa06c9bd5f9466585794456e138d77b71c2cf","1","2875587269|19","0","","git-commit-has-multiple-archive-candidates; steam-git-event-ambiguity"
"2875587269|58","Special-World","SW","2875587269","2875587269|23","NO_PROJECTED_GIT_MATCH","1","0","","True","1","2875587269","True","True","True","BIDIRECTIONAL_UNIQUE","7","17c8f4451519a4313a9385501f617b78bf8c56fb5199d972248aec756f2e83c7","1","2875587269|23","0","","git-commit-has-multiple-archive-candidates; steam-git-event-ambiguity"
"2875587269|59","Special-World","SW","2875587269","2875587269|24","NO_PROJECTED_GIT_MATCH","1","0","","True","1","2875587269","True","True","True","BIDIRECTIONAL_UNIQUE","8","e5012975bc443316b79c82b9554063df88219121330a955584ed566cbd0bf171","1","2875587269|24","0","","git-commit-has-multiple-archive-candidates; steam-git-event-ambiguity"
"2875587269|60","Special-World","SW","2875587269","2875587269|25","UNIQUE_PROJECTED_GIT_MATCH","1","1","8cff9607cb4a5bbf4772156f15f62b5564764df4","True","1","2875587269","True","True","True","BIDIRECTIONAL_UNIQUE","7","905c73f1a29fa981d2eb573d1c1f40c80d393c4d58d74a112cee06ec33ebd8f0","1","2875587269|25","0","","steam-git-event-ambiguity"
