"Repo","WorkshopId","SkymodsRevisionKey","GitCommitSha","Path","Difference","GitBlobSha1","ArchiveBlobSha1"
"Culture-Expanded","2829397295","2829397295|3","dd4267956356f7e84f8e6bd84bea17c8ec45ee20","common/culture/pillars/xCE_heritage.txt","BLOB_MISMATCH","4a529ac9a8a5c584c7c276485773dbf7ead6e12d","32f019a0caf5dac39ee4f187126cf52a89156410"
"Culture-Expanded","2829397295","2829397295|3","dd4267956356f7e84f8e6bd84bea17c8ec45ee20","common/culture/pillars/xCE_language.txt","BLOB_MISMATCH","01effec76bdf1c20421b15160216524239605c81","c7bdb1f4da5f60f080ff4e3803fe634210f5e320"
"Culture-Expanded","2829397295","2829397295|3","dd4267956356f7e84f8e6bd84bea17c8ec45ee20","common/on_action/ce_korea_game_start_on_actions.txt","BLOB_MISMATCH","f4d22607f8e5a83fb0da48ccd166180fb0bf2b07","7f8afb431bca790483b61d87c03d107fa756fe69"
"Culture-Expanded","2829397295","2829397295|3","dd4267956356f7e84f8e6bd84bea17c8ec45ee20","common/scripted_effects/ce_korea_scripted_effects.txt","BLOB_MISMATCH","1332ff9671c2d72b5a2a7dcbd5812fa489ebc00c","bc3d9076cd8a4977436689f7b8eaacd16ce9fccd"
"Culture-Expanded","2829397295","2829397295|3","dd4267956356f7e84f8e6bd84bea17c8ec45ee20","descriptor.mod","BLOB_MISMATCH","08053cdd87e225a8c025b1f4b4a791038c02f718","4a5596c0ff32e749440ab896b60547f7d20b4768"
"EPE-CFP","2996881191","2996881191|3","ec21513d682e85426658aaf24cf68ccdd884adb9","common/genes/05_genes_special_accessories_clothes.txt","BLOB_MISMATCH","e36b3c9b7d7a7d2f3702e9f89b09c4583fa28eb2","416a7ad54af67d161327b48f2ed7eeaaf33e4bb4"
"EPE-CFP","2996881191","2996881191|3","ec21513d682e85426658aaf24cf68ccdd884adb9","descriptor.mod","BLOB_MISMATCH","b7a357a60f5fc25bd79f886b32f6a9e56366dd99","6535f36f88ee0b2fdffd11038f83b4aa3ff8c63d"
"EPE-CFP","2996881191","2996881191|3","ec21513d682e85426658aaf24cf68ccdd884adb9","gfx/portraits/portrait_modifiers/00_custom_headgear.txt","BLOB_MISMATCH","6686136a3c40e74b58b17fa702ea04a575eaeb10","7ddbd30dfcdf9e006728b49242d4baccf254f0d6"
"EPE-CFP","2996881191","2996881191|3","ec21513d682e85426658aaf24cf68ccdd884adb9","gfx/portraits/portrait_modifiers/04_headgear_armor.txt","BLOB_MISMATCH","2c629a32a17f9b6df5730a55971d55f53bb4fa60","21595ed8b7640264566535155938acea1e3a87c8"
"EPE-CFP","2996881191","2996881191|3","ec21513d682e85426658aaf24cf68ccdd884adb9","gfx/portraits/portrait_modifiers/CFP_headgear_armor.txt","BLOB_MISMATCH","0678839fc70c09a9151e8c2802db48c23961f785","f66fb77e0dcbc49d3e2469cbc4b9bfdf9fca529d"
