"Source","Repo","Abbreviation","WorkshopId","Extension","FileCount","TotalMiB","MaxFileMiB","SampleText","SampleBinary","SampleUnknown","Classification"
"LocalRepoWorkingTree","Community-Flavor-Pack","CFP","2220098919",".anim","9","0,959","0,275","0","9","0","Binary"
"LocalRepoWorkingTree","Community-Flavor-Pack","CFP","2220098919",".asset","530","0,727","0,023","12","0","0","Text"
"LocalRepoWorkingTree","Community-Flavor-Pack","CFP","2220098919",".dds","1172","1529,516","5,333","0","12","0","Binary"
"LocalRepoWorkingTree","Community-Flavor-Pack","CFP","2220098919",".gitignore","1","0","0","1","0","0","Text"
"LocalRepoWorkingTree","Community-Flavor-Pack","CFP","2220098919",".gui","3","0,006","0,004","3","0","0","Text"
"LocalRepoWorkingTree","Community-Flavor-Pack","CFP","2220098919",".md","1","0,001","0,001","1","0","0","Text"
"LocalRepoWorkingTree","Community-Flavor-Pack","CFP","2220098919",".mesh","1138","392,763","5,637","0","12","0","Binary"
"LocalRepoWorkingTree","Community-Flavor-Pack","CFP","2220098919",".mod","1","0","0","1","0","0","Text"
"LocalRepoWorkingTree","Community-Flavor-Pack","CFP","2220098919",".png","2","0,647","0,463","0","2","0","Binary"
"LocalRepoWorkingTree","Community-Flavor-Pack","CFP","2220098919",".txt","117","2,029","0,111","12","0","0","Text"
"LocalRepoWorkingTree","Community-Flavor-Pack","CFP","2220098919",".yml","99","0,783","0,062","12","0","0","Text"
"SteamWorkshopCurrent","Community-Flavor-Pack","CFP","2220098919",".anim","9","0,959","0,275","0","9","0","Binary"
"SteamWorkshopCurrent","Community-Flavor-Pack","CFP","2220098919",".asset","530","0,727","0,023","12","0","0","Text"
"SteamWorkshopCurrent","Community-Flavor-Pack","CFP","2220098919",".dds","1172","1529,516","5,333","0","12","0","Binary"
"SteamWorkshopCurrent","Community-Flavor-Pack","CFP","2220098919",".gitattributes","1","0","0","1","0","0","Text"
"SteamWorkshopCurrent","Community-Flavor-Pack","CFP","2220098919",".gitignore","1","0","0","1","0","0","Text"
"SteamWorkshopCurrent","Community-Flavor-Pack","CFP","2220098919",".gui","3","0,006","0,004","3","0","0","Text"
"SteamWorkshopCurrent","Community-Flavor-Pack","CFP","2220098919",".md","1","0,001","0,001","1","0","0","Text"
"SteamWorkshopCurrent","Community-Flavor-Pack","CFP","2220098919",".mesh","1138","392,763","5,637","0","12","0","Binary"
"SteamWorkshopCurrent","Community-Flavor-Pack","CFP","2220098919",".mod","1","0","0","1","0","0","Text"
"SteamWorkshopCurrent","Community-Flavor-Pack","CFP","2220098919",".png","2","0,647","0,463","0","2","0","Binary"
"SteamWorkshopCurrent","Community-Flavor-Pack","CFP","2220098919",".sample","14","0,025","0,005","12","0","0","Text"
"SteamWorkshopCurrent","Community-Flavor-Pack","CFP","2220098919",".txt","117","2,045","0,114","12","0","0","Text"
"SteamWorkshopCurrent","Community-Flavor-Pack","CFP","2220098919",".yml","99","0,783","0,062","12","0","0","Text"
"SteamWorkshopCurrent","Community-Flavor-Pack","CFP","2220098919","<no-extension>","323","1,024","0,134","0","12","0","Binary"
"LocalRepoWorkingTree","Culture-and-Faith-Granularity","CFG","3206891770",".dds","14","0,623","0,1","0","12","0","Binary"
"LocalRepoWorkingTree","Culture-and-Faith-Granularity","CFG","3206891770",".gitignore","1","0","0","1","0","0","Text"
"LocalRepoWorkingTree","Culture-and-Faith-Granularity","CFG","3206891770",".gui","10","0,198","0,098","10","0","0","Text"
"LocalRepoWorkingTree","Culture-and-Faith-Granularity","CFG","3206891770",".gui_old","2","0,079","0,044","2","0","0","Text"
"LocalRepoWorkingTree","Culture-and-Faith-Granularity","CFG","3206891770",".mod","1","0","0","1","0","0","Text"
"LocalRepoWorkingTree","Culture-and-Faith-Granularity","CFG","3206891770",".png","1","0,352","0,352","0","1","0","Binary"
"LocalRepoWorkingTree","Culture-and-Faith-Granularity","CFG","3206891770",".txt","163","3,286","0,59","12","0","0","Text"
"LocalRepoWorkingTree","Culture-and-Faith-Granularity","CFG","3206891770",".yml","55","0,184","0,009","12","0","0","Text"
"SteamWorkshopCurrent","Culture-and-Faith-Granularity","CFG","3206891770",".bak","3","0,198","0,089","3","0","0","Text"
"SteamWorkshopCurrent","Culture-and-Faith-Granularity","CFG","3206891770",".dds","14","0,623","0,1","0","12","0","Binary"
"SteamWorkshopCurrent","Culture-and-Faith-Granularity","CFG","3206891770",".gitignore","1","0","0","1","0","0","Text"
"SteamWorkshopCurrent","Culture-and-Faith-Granularity","CFG","3206891770",".gui","10","0,2","0,101","10","0","0","Text"
"SteamWorkshopCurrent","Culture-and-Faith-Granularity","CFG","3206891770",".gui_old","2","0,079","0,044","2","0","0","Text"
"SteamWorkshopCurrent","Culture-and-Faith-Granularity","CFG","3206891770",".mod","1","0","0","1","0","0","Text"
"SteamWorkshopCurrent","Culture-and-Faith-Granularity","CFG","3206891770",".png","1","0,352","0,352","0","1","0","Binary"
"SteamWorkshopCurrent","Culture-and-Faith-Granularity","CFG","3206891770",".sample","14","0,025","0,005","12","0","0","Text"
"SteamWorkshopCurrent","Culture-and-Faith-Granularity","CFG","3206891770",".txt","163","3,297","0,591","12","0","0","Text"
"SteamWorkshopCurrent","Culture-and-Faith-Granularity","CFG","3206891770",".yml","55","0,184","0,009","12","0","0","Text"
"SteamWorkshopCurrent","Culture-and-Faith-Granularity","CFG","3206891770","<no-extension>","565","1,414","0,107","0","12","0","Binary"
"LocalRepoWorkingTree","Culture-Expanded","CE","2829397295",".dds","145","29,023","9,847","0","12","0","Binary"
"LocalRepoWorkingTree","Culture-Expanded","CE","2829397295",".gitignore","1","0","0","1","0","0","Text"
"LocalRepoWorkingTree","Culture-Expanded","CE","2829397295",".gui","1","0,005","0,005","1","0","0","Text"
"LocalRepoWorkingTree","Culture-Expanded","CE","2829397295",".info","1","0,002","0,002","1","0","0","Text"
"LocalRepoWorkingTree","Culture-Expanded","CE","2829397295",".mod","1","0","0","1","0","0","Text"
"LocalRepoWorkingTree","Culture-Expanded","CE","2829397295",".otf","6","0,668","0,147","0","6","0","Binary"
"LocalRepoWorkingTree","Culture-Expanded","CE","2829397295",".pdf","1","0,048","0,048","0","1","0","Binary"
"LocalRepoWorkingTree","Culture-Expanded","CE","2829397295",".png","1","0,65","0,65","0","1","0","Binary"
"LocalRepoWorkingTree","Culture-Expanded","CE","2829397295",".ttf","2","0,275","0,14","0","2","0","Binary"
"LocalRepoWorkingTree","Culture-Expanded","CE","2829397295",".txt","296","2,895","0,09","12","0","0","Text"
"LocalRepoWorkingTree","Culture-Expanded","CE","2829397295",".yaml","1","0,002","0,002","1","0","0","Text"
"LocalRepoWorkingTree","Culture-Expanded","CE","2829397295",".yml","338","5,945","0,377","12","0","0","Text"
"SteamWorkshopCurrent","Culture-Expanded","CE","2829397295",".dds","145","29,023","9,847","0","12","0","Binary"
"SteamWorkshopCurrent","Culture-Expanded","CE","2829397295",".gitignore","1","0","0","1","0","0","Text"
"SteamWorkshopCurrent","Culture-Expanded","CE","2829397295",".gui","1","0,005","0,005","1","0","0","Text"
"SteamWorkshopCurrent","Culture-Expanded","CE","2829397295",".info","1","0,002","0,002","1","0","0","Text"
"SteamWorkshopCurrent","Culture-Expanded","CE","2829397295",".mod","1","0","0","1","0","0","Text"
"SteamWorkshopCurrent","Culture-Expanded","CE","2829397295",".otf","6","0,668","0,147","0","6","0","Binary"
"SteamWorkshopCurrent","Culture-Expanded","CE","2829397295",".pdf","1","0,048","0,048","0","1","0","Binary"
"SteamWorkshopCurrent","Culture-Expanded","CE","2829397295",".png","1","0,65","0,65","0","1","0","Binary"
"SteamWorkshopCurrent","Culture-Expanded","CE","2829397295",".sample","14","0,025","0,005","12","0","0","Text"
"SteamWorkshopCurrent","Culture-Expanded","CE","2829397295",".ttf","2","0,275","0,14","0","2","0","Binary"
"SteamWorkshopCurrent","Culture-Expanded","CE","2829397295",".txt","296","2,895","0,09","12","0","0","Text"
"SteamWorkshopCurrent","Culture-Expanded","CE","2829397295",".yaml","1","0,002","0,002","1","0","0","Text"
"SteamWorkshopCurrent","Culture-Expanded","CE","2829397295",".yml","338","5,945","0,377","12","0","0","Text"
"SteamWorkshopCurrent","Culture-Expanded","CE","2829397295","<no-extension>","893","2,905","0,138","0","12","0","Binary"
"LocalRepoWorkingTree","Demand-Tribute","DT","3473488611",".info","1","0,026","0,026","1","0","0","Text"
"LocalRepoWorkingTree","Demand-Tribute","DT","3473488611",".mod","1","0","0","1","0","0","Text"
"LocalRepoWorkingTree","Demand-Tribute","DT","3473488611",".png","1","0,408","0,408","0","1","0","Binary"
"LocalRepoWorkingTree","Demand-Tribute","DT","3473488611",".txt","5","0,067","0,034","5","0","0","Text"
"LocalRepoWorkingTree","Demand-Tribute","DT","3473488611",".yml","8","0,031","0,004","8","0","0","Text"
"SteamWorkshopCurrent","Demand-Tribute","DT","3473488611",".gitattributes","1","0","0","1","0","0","Text"
"SteamWorkshopCurrent","Demand-Tribute","DT","3473488611",".gitignore","1","0","0","1","0","0","Text"
"SteamWorkshopCurrent","Demand-Tribute","DT","3473488611",".info","1","0,026","0,026","1","0","0","Text"
"SteamWorkshopCurrent","Demand-Tribute","DT","3473488611",".md","1","0","0","1","0","0","Text"
"SteamWorkshopCurrent","Demand-Tribute","DT","3473488611",".mod","1","0","0","1","0","0","Text"
"SteamWorkshopCurrent","Demand-Tribute","DT","3473488611",".png","1","0,408","0,408","0","1","0","Binary"
"SteamWorkshopCurrent","Demand-Tribute","DT","3473488611",".sample","14","0,025","0,005","12","0","0","Text"
"SteamWorkshopCurrent","Demand-Tribute","DT","3473488611",".txt","5","0,067","0,034","5","0","0","Text"
"SteamWorkshopCurrent","Demand-Tribute","DT","3473488611",".yml","8","0,031","0,004","8","0","0","Text"
"SteamWorkshopCurrent","Demand-Tribute","DT","3473488611","<no-extension>","165","2,294","1,788","1","11","0","Mixed"
"LocalRepoWorkingTree","EPE-CFP","EPE-CFP","2996881191",".mod","1","0","0","1","0","0","Text"
"LocalRepoWorkingTree","EPE-CFP","EPE-CFP","2996881191",".png","1","0,595","0,595","0","1","0","Binary"
"LocalRepoWorkingTree","EPE-CFP","EPE-CFP","2996881191",".txt","41","2,273","0,614","12","0","0","Text"
"LocalRepoWorkingTree","EPE-CFP","EPE-CFP","2996881191",".yml","4","0,139","0,077","4","0","0","Text"
"SteamWorkshopCurrent","EPE-CFP","EPE-CFP","2996881191",".idx","1","0,013","0,013","0","1","0","Binary"
"SteamWorkshopCurrent","EPE-CFP","EPE-CFP","2996881191",".mod","1","0","0","1","0","0","Text"
"SteamWorkshopCurrent","EPE-CFP","EPE-CFP","2996881191",".pack","1","1,225","1,225","0","1","0","Binary"
"SteamWorkshopCurrent","EPE-CFP","EPE-CFP","2996881191",".png","1","0,595","0,595","0","1","0","Binary"
"SteamWorkshopCurrent","EPE-CFP","EPE-CFP","2996881191",".rev","1","0,002","0,002","0","1","0","Binary"
"SteamWorkshopCurrent","EPE-CFP","EPE-CFP","2996881191",".sample","14","0,025","0,005","12","0","0","Text"
"SteamWorkshopCurrent","EPE-CFP","EPE-CFP","2996881191",".txt","41","2,273","0,614","12","0","0","Text"
"SteamWorkshopCurrent","EPE-CFP","EPE-CFP","2996881191",".yml","4","0,139","0,077","4","0","0","Text"
"SteamWorkshopCurrent","EPE-CFP","EPE-CFP","2996881191","<no-extension>","202","1,745","0,595","0","12","0","Binary"
"LocalRepoWorkingTree","Ethnicities-and-Portraits-Expanded","EPE","2507209632",".anim","978","507,121","2,277","0","12","0","Binary"
"LocalRepoWorkingTree","Ethnicities-and-Portraits-Expanded","EPE","2507209632",".asset","742","3,963","0,209","12","0","0","Text"
"LocalRepoWorkingTree","Ethnicities-and-Portraits-Expanded","EPE","2507209632",".dds","2888","2440,338","5,333","0","12","0","Binary"
"LocalRepoWorkingTree","Ethnicities-and-Portraits-Expanded","EPE","2507209632",".fbx","2","0,564","0,485","0","2","0","Binary"
"LocalRepoWorkingTree","Ethnicities-and-Portraits-Expanded","EPE","2507209632",".gitignore","1","0","0","1","0","0","Text"
"LocalRepoWorkingTree","Ethnicities-and-Portraits-Expanded","EPE","2507209632",".gui","3","0,272","0,153","3","0","0","Text"
"LocalRepoWorkingTree","Ethnicities-and-Portraits-Expanded","EPE","2507209632",".mesh","1334","589,987","5,577","0","12","0","Binary"
"LocalRepoWorkingTree","Ethnicities-and-Portraits-Expanded","EPE","2507209632",".mod","1","0","0","1","0","0","Text"
"LocalRepoWorkingTree","Ethnicities-and-Portraits-Expanded","EPE","2507209632",".png","2","0,669","0,63","0","2","0","Binary"
"LocalRepoWorkingTree","Ethnicities-and-Portraits-Expanded","EPE","2507209632",".rar","3","1,815","1,368","0","3","0","Binary"
"LocalRepoWorkingTree","Ethnicities-and-Portraits-Expanded","EPE","2507209632",".shader","1","0,031","0,031","1","0","0","Text"
"LocalRepoWorkingTree","Ethnicities-and-Portraits-Expanded","EPE","2507209632",".txt","3664","91,725","1,192","12","0","0","Text"
"LocalRepoWorkingTree","Ethnicities-and-Portraits-Expanded","EPE","2507209632",".yml","15","0,676","0,319","12","0","0","Text"
"SteamWorkshopCurrent","Ethnicities-and-Portraits-Expanded","EPE","2507209632",".anim","978","507,121","2,277","0","12","0","Binary"
"SteamWorkshopCurrent","Ethnicities-and-Portraits-Expanded","EPE","2507209632",".asset","742","3,963","0,209","12","0","0","Text"
"SteamWorkshopCurrent","Ethnicities-and-Portraits-Expanded","EPE","2507209632",".dds","2888","2440,338","5,333","0","12","0","Binary"
"SteamWorkshopCurrent","Ethnicities-and-Portraits-Expanded","EPE","2507209632",".fbx","2","0,564","0,485","0","2","0","Binary"
"SteamWorkshopCurrent","Ethnicities-and-Portraits-Expanded","EPE","2507209632",".gitignore","1","0","0","1","0","0","Text"
"SteamWorkshopCurrent","Ethnicities-and-Portraits-Expanded","EPE","2507209632",".gui","3","0,272","0,153","3","0","0","Text"
"SteamWorkshopCurrent","Ethnicities-and-Portraits-Expanded","EPE","2507209632",".idx","2","0,156","0,096","0","2","0","Binary"
"SteamWorkshopCurrent","Ethnicities-and-Portraits-Expanded","EPE","2507209632",".mesh","1334","589,987","5,577","0","12","0","Binary"
"SteamWorkshopCurrent","Ethnicities-and-Portraits-Expanded","EPE","2507209632",".mod","1","0","0","1","0","0","Text"
"SteamWorkshopCurrent","Ethnicities-and-Portraits-Expanded","EPE","2507209632",".pack","2","314,369","305,759","0","2","0","Binary"
"SteamWorkshopCurrent","Ethnicities-and-Portraits-Expanded","EPE","2507209632",".png","2","0,669","0,63","0","2","0","Binary"
"SteamWorkshopCurrent","Ethnicities-and-Portraits-Expanded","EPE","2507209632",".rar","3","1,815","1,368","0","3","0","Binary"
"SteamWorkshopCurrent","Ethnicities-and-Portraits-Expanded","EPE","2507209632",".rev","2","0,022","0,014","0","2","0","Binary"
"SteamWorkshopCurrent","Ethnicities-and-Portraits-Expanded","EPE","2507209632",".sample","14","0,025","0,005","12","0","0","Text"
"SteamWorkshopCurrent","Ethnicities-and-Portraits-Expanded","EPE","2507209632",".shader","1","0,031","0,031","1","0","0","Text"
"SteamWorkshopCurrent","Ethnicities-and-Portraits-Expanded","EPE","2507209632",".txt","3664","91,725","1,192","12","0","0","Text"
"SteamWorkshopCurrent","Ethnicities-and-Portraits-Expanded","EPE","2507209632",".yml","15","0,676","0,319","12","0","0","Text"
"SteamWorkshopCurrent","Ethnicities-and-Portraits-Expanded","EPE","2507209632","<no-extension>","18","0,72","0,549","10","2","0","Mixed"
"LocalRepoWorkingTree","MBP-EPE-CFP","MBP-EPE-CFP","2543865921",".mod","1","0","0","1","0","0","Text"
"LocalRepoWorkingTree","MBP-EPE-CFP","MBP-EPE-CFP","2543865921",".png","1","0,26","0,26","0","1","0","Binary"
"LocalRepoWorkingTree","MBP-EPE-CFP","MBP-EPE-CFP","2543865921",".txt","314","4,659","0,237","12","0","0","Text"
"SteamWorkshopCurrent","MBP-EPE-CFP","MBP-EPE-CFP","2543865921",".mod","1","0","0","1","0","0","Text"
"SteamWorkshopCurrent","MBP-EPE-CFP","MBP-EPE-CFP","2543865921",".png","1","0,26","0,26","0","1","0","Binary"
"SteamWorkshopCurrent","MBP-EPE-CFP","MBP-EPE-CFP","2543865921",".sample","14","0,025","0,005","12","0","0","Text"
"SteamWorkshopCurrent","MBP-EPE-CFP","MBP-EPE-CFP","2543865921",".txt","314","4,659","0,237","12","0","0","Text"
"SteamWorkshopCurrent","MBP-EPE-CFP","MBP-EPE-CFP","2543865921","<no-extension>","408","2,179","0,595","0","12","0","Binary"
"LocalRepoWorkingTree","MedievalImmersion","MI","3268020725",".dds","47","10,928","1,333","0","12","0","Binary"
"LocalRepoWorkingTree","MedievalImmersion","MI","3268020725",".mod","1","0","0","1","0","0","Text"
"LocalRepoWorkingTree","MedievalImmersion","MI","3268020725",".png","2","2,853","2,43","0","2","0","Binary"
"LocalRepoWorkingTree","MedievalImmersion","MI","3268020725",".txt","251","15,448","2,95","12","0","0","Text"
"LocalRepoWorkingTree","MedievalImmersion","MI","3268020725",".yml","18","2,521","0,99","12","0","0","Text"
"SteamWorkshopCurrent","MedievalImmersion","MI","3268020725",".dds","47","10,928","1,333","0","12","0","Binary"
"SteamWorkshopCurrent","MedievalImmersion","MI","3268020725",".mod","1","0","0","1","0","0","Text"
"SteamWorkshopCurrent","MedievalImmersion","MI","3268020725",".png","2","2,853","2,43","0","2","0","Binary"
"SteamWorkshopCurrent","MedievalImmersion","MI","3268020725",".txt","251","15,448","2,95","12","0","0","Text"
"SteamWorkshopCurrent","MedievalImmersion","MI","3268020725",".yml","18","2,521","0,99","12","0","0","Text"
"LocalRepoWorkingTree","MPE","MPE","3726274827",".csv","2","0,81","0,765","2","0","0","Text"
"LocalRepoWorkingTree","MPE","MPE","3726274827",".dds","5120","372,487","4,747","0","12","0","Binary"
"LocalRepoWorkingTree","MPE","MPE","3726274827",".gitignore","1","0","0","1","0","0","Text"
"LocalRepoWorkingTree","MPE","MPE","3726274827",".info","3","0,004","0,002","3","0","0","Text"
"LocalRepoWorkingTree","MPE","MPE","3726274827",".jpg","1","0,062","0,062","0","1","0","Binary"
"LocalRepoWorkingTree","MPE","MPE","3726274827",".map","1","0,022","0,022","1","0","0","Text"
"LocalRepoWorkingTree","MPE","MPE","3726274827",".mod","1","0","0","1","0","0","Text"
"LocalRepoWorkingTree","MPE","MPE","3726274827",".png","32","5,492","2,964","0","12","0","Binary"
"LocalRepoWorkingTree","MPE","MPE","3726274827",".tga","1","0,095","0,095","0","1","0","Binary"
"LocalRepoWorkingTree","MPE","MPE","3726274827",".txt","451","52,784","3,968","12","0","0","Text"
"LocalRepoWorkingTree","MPE","MPE","3726274827",".yml","57","9,579","1,143","12","0","0","Text"
"SteamWorkshopCurrent","MPE","MPE","3726274827",".csv","2","0,81","0,765","2","0","0","Text"
"SteamWorkshopCurrent","MPE","MPE","3726274827",".dds","5120","372,487","4,747","0","12","0","Binary"
"SteamWorkshopCurrent","MPE","MPE","3726274827",".gitignore","1","0","0","1","0","0","Text"
"SteamWorkshopCurrent","MPE","MPE","3726274827",".idx","1","0,015","0,015","0","1","0","Binary"
"SteamWorkshopCurrent","MPE","MPE","3726274827",".info","3","0,004","0,002","3","0","0","Text"
"SteamWorkshopCurrent","MPE","MPE","3726274827",".jpg","1","0,062","0,062","0","1","0","Binary"
"SteamWorkshopCurrent","MPE","MPE","3726274827",".map","1","0,022","0,022","1","0","0","Text"
"SteamWorkshopCurrent","MPE","MPE","3726274827",".mod","1","0","0","1","0","0","Text"
"SteamWorkshopCurrent","MPE","MPE","3726274827",".pack","1","12,307","12,307","0","1","0","Binary"
"SteamWorkshopCurrent","MPE","MPE","3726274827",".png","32","5,492","2,964","0","12","0","Binary"
"SteamWorkshopCurrent","MPE","MPE","3726274827",".rev","1","0,002","0,002","0","1","0","Binary"
"SteamWorkshopCurrent","MPE","MPE","3726274827",".sample","14","0,026","0,005","12","0","0","Text"
"SteamWorkshopCurrent","MPE","MPE","3726274827",".tga","1","0,095","0,095","0","1","0","Binary"
"SteamWorkshopCurrent","MPE","MPE","3726274827",".txt","451","52,784","3,968","12","0","0","Text"
"SteamWorkshopCurrent","MPE","MPE","3726274827",".yml","57","9,579","1,143","12","0","0","Text"
"SteamWorkshopCurrent","MPE","MPE","3726274827","<no-extension>","111","11,752","3,848","0","12","0","Binary"
"LocalRepoWorkingTree","RICE","RICE","2273832430",".asset","2","0,004","0,002","2","0","0","Text"
"LocalRepoWorkingTree","RICE","RICE","2273832430",".dds","1968","738,075","7,91","0","12","0","Binary"
"LocalRepoWorkingTree","RICE","RICE","2273832430",".gitignore","1","0","0","1","0","0","Text"
"LocalRepoWorkingTree","RICE","RICE","2273832430",".gui","67","0,136","0,007","12","0","0","Text"
"LocalRepoWorkingTree","RICE","RICE","2273832430",".jpg","2","1,749","1,321","0","2","0","Binary"
"LocalRepoWorkingTree","RICE","RICE","2273832430",".mesh","2","1,972","1,378","0","2","0","Binary"
"LocalRepoWorkingTree","RICE","RICE","2273832430",".mod","1","0","0","1","0","0","Text"
"LocalRepoWorkingTree","RICE","RICE","2273832430",".ogg","241","505,633","7,981","0","12","0","Binary"
"LocalRepoWorkingTree","RICE","RICE","2273832430",".png","1","0,277","0,277","0","1","0","Binary"
"LocalRepoWorkingTree","RICE","RICE","2273832430",".txt","1357","15,804","0,458","12","0","0","Text"
"LocalRepoWorkingTree","RICE","RICE","2273832430",".xcf","1","0,115","0,115","0","1","0","Binary"
"LocalRepoWorkingTree","RICE","RICE","2273832430",".yml","777","42,862","0,465","12","0","0","Text"
"SteamWorkshopCurrent","RICE","RICE","2273832430",".asset","2","0,004","0,002","2","0","0","Text"
"SteamWorkshopCurrent","RICE","RICE","2273832430",".dds","1968","738,075","7,91","0","12","0","Binary"
"SteamWorkshopCurrent","RICE","RICE","2273832430",".gitignore","1","0","0","1","0","0","Text"
"SteamWorkshopCurrent","RICE","RICE","2273832430",".gui","67","0,136","0,007","12","0","0","Text"
"SteamWorkshopCurrent","RICE","RICE","2273832430",".idx","2","0,137","0,112","0","2","0","Binary"
"SteamWorkshopCurrent","RICE","RICE","2273832430",".jpg","2","1,749","1,321","0","2","0","Binary"
"SteamWorkshopCurrent","RICE","RICE","2273832430",".mesh","2","1,972","1,378","0","2","0","Binary"
"SteamWorkshopCurrent","RICE","RICE","2273832430",".mod","1","0","0","1","0","0","Text"
"SteamWorkshopCurrent","RICE","RICE","2273832430",".ogg","241","505,633","7,981","0","12","0","Binary"
"SteamWorkshopCurrent","RICE","RICE","2273832430",".pack","2","516,709","509,206","0","2","0","Binary"
"SteamWorkshopCurrent","RICE","RICE","2273832430",".png","1","0,277","0,277","0","1","0","Binary"
"SteamWorkshopCurrent","RICE","RICE","2273832430",".rev","2","0,019","0,016","0","2","0","Binary"
"SteamWorkshopCurrent","RICE","RICE","2273832430",".sample","14","0,025","0,005","12","0","0","Text"
"SteamWorkshopCurrent","RICE","RICE","2273832430",".txt","1357","15,804","0,458","12","0","0","Text"
"SteamWorkshopCurrent","RICE","RICE","2273832430",".xcf","1","0,115","0,115","0","1","0","Binary"
"SteamWorkshopCurrent","RICE","RICE","2273832430",".yml","777","42,862","0,465","12","0","0","Text"
"SteamWorkshopCurrent","RICE","RICE","2273832430","<no-extension>","17","0,422","0,276","10","2","0","Mixed"
"LocalRepoWorkingTree","Special-World","SW","2875587269","._defunctmesh","1","2,189","2,189","0","1","0","Binary"
"LocalRepoWorkingTree","Special-World","SW","2875587269",".anim","25","1,894","0,302","0","12","0","Binary"
"LocalRepoWorkingTree","Special-World","SW","2875587269",".asset","276","1,671","1,316","12","0","0","Text"
"LocalRepoWorkingTree","Special-World","SW","2875587269",".dds","1875","1389,792","21,333","0","12","0","Binary"
"LocalRepoWorkingTree","Special-World","SW","2875587269",".ds_store","1","0,014","0,014","0","1","0","Binary"
"LocalRepoWorkingTree","Special-World","SW","2875587269",".gitignore","1","0","0","1","0","0","Text"
"LocalRepoWorkingTree","Special-World","SW","2875587269",".gui","4","0,15","0,117","4","0","0","Text"
"LocalRepoWorkingTree","Special-World","SW","2875587269",".info","2","0,378","0,269","2","0","0","Text"
"LocalRepoWorkingTree","Special-World","SW","2875587269",".mesh","491","355,942","15,372","0","12","0","Binary"
"LocalRepoWorkingTree","Special-World","SW","2875587269",".mod","1","0","0","1","0","0","Text"
"LocalRepoWorkingTree","Special-World","SW","2875587269",".pdn","2","2,939","2,528","2","0","0","Text"
"LocalRepoWorkingTree","Special-World","SW","2875587269",".png","21","14,312","0,895","0","12","0","Binary"
"LocalRepoWorkingTree","Special-World","SW","2875587269",".tif","1","0,716","0,716","0","1","0","Binary"
"LocalRepoWorkingTree","Special-World","SW","2875587269",".txt","241","18,448","2,305","12","0","0","Text"
"LocalRepoWorkingTree","Special-World","SW","2875587269",".yml","41","1,765","0,475","12","0","0","Text"
"SteamWorkshopCurrent","Special-World","SW","2875587269","._defunctmesh","1","2,189","2,189","0","1","0","Binary"
"SteamWorkshopCurrent","Special-World","SW","2875587269",".anim","25","1,894","0,302","0","12","0","Binary"
"SteamWorkshopCurrent","Special-World","SW","2875587269",".asset","276","1,671","1,316","12","0","0","Text"
"SteamWorkshopCurrent","Special-World","SW","2875587269",".dds","1875","1389,792","21,333","0","12","0","Binary"
"SteamWorkshopCurrent","Special-World","SW","2875587269",".ds_store","1","0,014","0,014","0","1","0","Binary"
"SteamWorkshopCurrent","Special-World","SW","2875587269",".gitignore","1","0","0","1","0","0","Text"
"SteamWorkshopCurrent","Special-World","SW","2875587269",".gui","4","0,15","0,117","4","0","0","Text"
"SteamWorkshopCurrent","Special-World","SW","2875587269",".idx","1","0,015","0,015","0","1","0","Binary"
"SteamWorkshopCurrent","Special-World","SW","2875587269",".info","2","0,378","0,269","2","0","0","Text"
"SteamWorkshopCurrent","Special-World","SW","2875587269",".mesh","491","355,942","15,372","0","12","0","Binary"
"SteamWorkshopCurrent","Special-World","SW","2875587269",".mod","1","0","0","1","0","0","Text"
"SteamWorkshopCurrent","Special-World","SW","2875587269",".pack","1","26,731","26,731","0","1","0","Binary"
"SteamWorkshopCurrent","Special-World","SW","2875587269",".pdn","2","2,939","2,528","2","0","0","Text"
"SteamWorkshopCurrent","Special-World","SW","2875587269",".png","21","14,312","0,895","0","12","0","Binary"
"SteamWorkshopCurrent","Special-World","SW","2875587269",".rev","1","0,002","0,002","0","1","0","Binary"
"SteamWorkshopCurrent","Special-World","SW","2875587269",".sample","14","0,025","0,005","12","0","0","Text"
"SteamWorkshopCurrent","Special-World","SW","2875587269",".tif","1","0,716","0,716","0","1","0","Binary"
"SteamWorkshopCurrent","Special-World","SW","2875587269",".txt","241","18,448","2,305","12","0","0","Text"
"SteamWorkshopCurrent","Special-World","SW","2875587269",".yml","41","1,765","0,475","12","0","0","Text"
"SteamWorkshopCurrent","Special-World","SW","2875587269","<no-extension>","1111","15,902","0,333","0","12","0","Binary"
"LocalRepoWorkingTree","Turkic-World-Expanded","TWE","3668769244",".mod","1","0","0","1","0","0","Text"
"LocalRepoWorkingTree","Turkic-World-Expanded","TWE","3668769244",".png","1","0,429","0,429","0","1","0","Binary"
"LocalRepoWorkingTree","Turkic-World-Expanded","TWE","3668769244",".txt","35","0,697","0,093","12","0","0","Text"
"LocalRepoWorkingTree","Turkic-World-Expanded","TWE","3668769244",".yml","5","0,002","0,001","5","0","0","Text"
"SteamWorkshopCurrent","Turkic-World-Expanded","TWE","3668769244",".jpg","1","0,244","0,244","0","1","0","Binary"
"SteamWorkshopCurrent","Turkic-World-Expanded","TWE","3668769244",".mod","1","0","0","1","0","0","Text"
"SteamWorkshopCurrent","Turkic-World-Expanded","TWE","3668769244",".sample","14","0,025","0,005","12","0","0","Text"
"SteamWorkshopCurrent","Turkic-World-Expanded","TWE","3668769244",".txt","26","1,215","0,199","12","0","0","Text"
"SteamWorkshopCurrent","Turkic-World-Expanded","TWE","3668769244",".yml","2","0,001","0,001","2","0","0","Text"
"SteamWorkshopCurrent","Turkic-World-Expanded","TWE","3668769244","<no-extension>","80","0,554","0,429","0","12","0","Binary"
"LocalRepoWorkingTree","Western-Steppe-Expanded","WSE","3490396842",".dds","17","12,582","1,978","0","12","0","Binary"
"LocalRepoWorkingTree","Western-Steppe-Expanded","WSE","3490396842",".gitignore","1","0","0","1","0","0","Text"
"LocalRepoWorkingTree","Western-Steppe-Expanded","WSE","3490396842",".mod","1","0","0","1","0","0","Text"
"LocalRepoWorkingTree","Western-Steppe-Expanded","WSE","3490396842",".png","1","0,329","0,329","0","1","0","Binary"
"LocalRepoWorkingTree","Western-Steppe-Expanded","WSE","3490396842",".txt","136","0,95","0,151","12","0","0","Text"
"LocalRepoWorkingTree","Western-Steppe-Expanded","WSE","3490396842",".yml","25","0,026","0,004","12","0","0","Text"
"SteamWorkshopCurrent","Western-Steppe-Expanded","WSE","3490396842",".dds","17","12,582","1,978","0","12","0","Binary"
"SteamWorkshopCurrent","Western-Steppe-Expanded","WSE","3490396842",".gitignore","1","0","0","1","0","0","Text"
"SteamWorkshopCurrent","Western-Steppe-Expanded","WSE","3490396842",".mod","1","0","0","1","0","0","Text"
"SteamWorkshopCurrent","Western-Steppe-Expanded","WSE","3490396842",".png","1","0,329","0,329","0","1","0","Binary"
"SteamWorkshopCurrent","Western-Steppe-Expanded","WSE","3490396842",".sample","14","0,025","0,005","12","0","0","Text"
"SteamWorkshopCurrent","Western-Steppe-Expanded","WSE","3490396842",".txt","136","0,95","0,151","12","0","0","Text"
"SteamWorkshopCurrent","Western-Steppe-Expanded","WSE","3490396842",".yml","25","0,026","0,004","12","0","0","Text"
"SteamWorkshopCurrent","Western-Steppe-Expanded","WSE","3490396842","<no-extension>","308","0,373","0,056","0","12","0","Binary"
